insert into classroom values('a6', 607, 123);
insert into classroom values('a7', 929, 12);
insert into classroom values('a7', 874, 18);
insert into classroom values('a7', 402, 19);
insert into classroom values('a6', 700, 103);
insert into classroom values('a2', 69, 33);
insert into classroom values('a3', 513, 72);
insert into classroom values('a10', 424, 13);
insert into classroom values('a5', 960, 10);
insert into classroom values('a8', 964, 30);
insert into department values('d1', 'a2', 474025.67);
insert into department values('d8', 'a3', 816212.14);
insert into department values('d2', 'a3', 397467.10);
insert into department values('d4', 'a10', 16079.29);
insert into department values('d9', 'a7', 396300.40);
insert into department values('d6', 'a4', 284574.52);
insert into department values('d3', 'a9', 428308.77);
insert into department values('d5', 'a1', 987694.94);
insert into department values('d10', 'a4', 654042.36);
insert into department values('d7', 'a9', 94590.75);
insert into course values('899', 'c9', 'd7', 4);
insert into course values('897', 'c10', 'd1', 4);
insert into course values('603', 'c4', 'd8', 3);
insert into course values('241', 'c8', 'd4', 3);
insert into course values('460', 'c9', 'd3', 4);
insert into course values('809', 'c6', 'd7', 3);
insert into course values('282', 'c2', 'd6', 3);
insert into course values('150', 'c3', 'd9', 3);
insert into course values('253', 'c7', 'd10', 4);
insert into course values('902', 'c9', 'd1', 4);
insert into course values('723', 'c7', 'd10', 4);
insert into course values('364', 'c6', 'd1', 3);
insert into course values('693', 'c8', 'd6', 3);
insert into course values('821', 'c5', 'd3', 4);
insert into course values('964', 'c3', 'd9', 4);
insert into course values('632', 'c1', 'd8', 4);
insert into course values('321', 'c3', 'd3', 4);
insert into course values('753', 'c2', 'd3', 4);
insert into course values('446', 'c7', 'd4', 4);
insert into course values('643', 'c6', 'd1', 3);
insert into course values('780', 'c6', 'd6', 4);
insert into course values('254', 'c1', 'd8', 4);
insert into course values('365', 'c3', 'd5', 3);
insert into course values('580', 'c4', 'd5', 3);
insert into course values('294', 'c9', 'd4', 3);
insert into course values('216', 'c8', 'd5', 4);
insert into course values('318', 'c9', 'd8', 3);
insert into course values('106', 'c8', 'd7', 4);
insert into course values('146', 'c4', 'd4', 4);
insert into course values('656', 'c4', 'd7', 3);
insert into course values('549', 'c5', 'd1', 4);
insert into course values('417', 'c5', 'd10', 3);
insert into course values('732', 'c2', 'd2', 4);
insert into course values('844', 'c3', 'd10', 3);
insert into course values('366', 'c1', 'd9', 4);
insert into course values('918', 'c9', 'd10', 3);
insert into course values('178', 'c10', 'd5', 4);
insert into course values('573', 'c1', 'd10', 4);
insert into course values('404', 'c1', 'd4', 4);
insert into course values('735', 'c10', 'd6', 3);
insert into course values('815', 'c1', 'd8', 4);
insert into course values('965', 'c1', 'd6', 4);
insert into course values('489', 'c7', 'd10', 4);
insert into course values('304', 'c6', 'd7', 4);
insert into course values('491', 'c9', 'd6', 4);
insert into course values('789', 'c7', 'd7', 3);
insert into course values('724', 'c1', 'd2', 4);
insert into course values('286', 'c8', 'd5', 3);
insert into course values('792', 'c4', 'd5', 3);
insert into course values('293', 'c1', 'd9', 4);
insert into instructor values('46939', 'e6', 'd8', 68724.21);
insert into instructor values('72262', 'e6', 'd7', 108345.69);
insert into instructor values('38275', 'e3', 'd2', 38937.17);
insert into instructor values('99535', 'e2', 'd8', 102925.58);
insert into instructor values('97303', 'e1', 'd1', 45842.09);
insert into instructor values('18631', 'e2', 'd2', 62491.65);
insert into instructor values('61520', 'e7', 'd1', 117240.87);
insert into instructor values('17173', 'e4', 'd1', 97082.63);
insert into instructor values('60787', 'e2', 'd8', 95794.56);
insert into instructor values('88106', 'e9', 'd7', 83627.13);
insert into instructor values('36204', 'e1', 'd6', 88854.11);
insert into instructor values('60160', 'e9', 'd5', 68571.34);
insert into instructor values('31827', 'e8', 'd3', 128780.87);
insert into instructor values('64573', 'e10', 'd7', 34550.37);
insert into instructor values('88395', 'e10', 'd3', 35459.18);
insert into instructor values('22542', 'e5', 'd4', 89260.31);
insert into instructor values('74400', 'e3', 'd4', 56394.58);
insert into instructor values('74702', 'e3', 'd2', 32442.60);
insert into instructor values('31974', 'e4', 'd10', 96607.85);
insert into instructor values('55166', 'e2', 'd10', 57770.53);
insert into instructor values('75583', 'e10', 'd9', 40476.27);
insert into instructor values('108', 'e10', 'd7', 50432.19);
insert into instructor values('38995', 'e2', 'd7', 110740.12);
insert into instructor values('8910', 'e4', 'd4', 48332.69);
insert into instructor values('57654', 'e2', 'd2', 106083.57);
insert into instructor values('15174', 'e9', 'd10', 45092.60);
insert into instructor values('60871', 'e7', 'd7', 108015.77);
insert into instructor values('14877', 'e7', 'd8', 126398.45);
insert into instructor values('32621', 'e8', 'd4', 50219.28);
insert into instructor values('99497', 'e8', 'd6', 47764.79);
insert into instructor values('66586', 'e9', 'd2', 99099.20);
insert into instructor values('96329', 'e1', 'd4', 81396.66);
insert into instructor values('42666', 'e6', 'd3', 102958.19);
insert into instructor values('88229', 'e1', 'd1', 82594.74);
insert into instructor values('31906', 'e1', 'd7', 29038.37);
insert into instructor values('23984', 'e4', 'd8', 52024.82);
insert into instructor values('95891', 'e3', 'd6', 122613.20);
insert into instructor values('74344', 'e9', 'd1', 99176.66);
insert into instructor values('18453', 'e6', 'd6', 90378.22);
insert into instructor values('26130', 'e9', 'd8', 44466.71);
insert into instructor values('2798', 'e8', 'd1', 31581.33);
insert into instructor values('84288', 'e5', 'd9', 32692.58);
insert into instructor values('69387', 'e7', 'd10', 114649.49);
insert into instructor values('99436', 'e3', 'd6', 68926.56);
insert into instructor values('42691', 'e8', 'd7', 124510.34);
insert into instructor values('10556', 'e5', 'd6', 29438.84);
insert into instructor values('6137', 'e8', 'd7', 86373.29);
insert into instructor values('75646', 'e2', 'd1', 44870.56);
insert into instructor values('11032', 'e8', 'd1', 105426.52);
insert into instructor values('18538', 'e5', 'd4', 100630.22);
insert into instructor values('5462', 'e3', 'd3', 48722.21);
insert into instructor values('33733', 'e9', 'd3', 50366.26);
insert into instructor values('49587', 'e6', 'd2', 35464.25);
insert into instructor values('75034', 'e10', 'd4', 92372.27);
insert into instructor values('86873', 'e1', 'd10', 94978.55);
insert into instructor values('19936', 'e8', 'd10', 115910.43);
insert into instructor values('86811', 'e5', 'd5', 97838.04);
insert into instructor values('92185', 'e1', 'd5', 84692.43);
insert into instructor values('27735', 'e6', 'd6', 64930.29);
insert into instructor values('56142', 'e10', 'd7', 88136.22);
insert into instructor values('15766', 'e4', 'd3', 111697.61);
insert into instructor values('4981', 'e1', 'd5', 57520.75);
insert into instructor values('32649', 'e5', 'd9', 90345.45);
insert into instructor values('89901', 'e9', 'd8', 113789.90);
insert into instructor values('58731', 'e10', 'd7', 51506.64);
insert into instructor values('5343', 'e3', 'd4', 86510.47);
insert into instructor values('96099', 'e7', 'd7', 58665.34);
insert into instructor values('10268', 'e2', 'd2', 119368.18);
insert into instructor values('24096', 'e9', 'd3', 53585.80);
insert into instructor values('54371', 'e1', 'd2', 56589.56);
insert into instructor values('43165', 'e3', 'd7', 89057.64);
insert into instructor values('42809', 'e3', 'd9', 86806.41);
insert into instructor values('30172', 'e8', 'd6', 116460.82);
insert into instructor values('28816', 'e9', 'd1', 106133.44);
insert into instructor values('80045', 'e1', 'd10', 39969.50);
insert into instructor values('49539', 'e9', 'd6', 50608.59);
insert into instructor values('6854', 'e5', 'd7', 126655.96);
insert into instructor values('37494', 'e2', 'd9', 39649.68);
insert into instructor values('97353', 'e7', 'd6', 92321.61);
insert into instructor values('45559', 'e4', 'd3', 66809.44);
insert into instructor values('77123', 'e6', 'd4', 66573.84);
insert into instructor values('64001', 'e6', 'd7', 71865.38);
insert into instructor values('67080', 'e3', 'd10', 77483.84);
insert into instructor values('30806', 'e8', 'd6', 29159.60);
insert into instructor values('18330', 'e5', 'd7', 86101.87);
insert into instructor values('78722', 'e1', 'd10', 91107.62);
insert into instructor values('81505', 'e8', 'd10', 44172.80);
insert into instructor values('88605', 'e6', 'd10', 32924.18);
insert into instructor values('18130', 'e5', 'd6', 44586.30);
insert into instructor values('28966', 'e10', 'd7', 54867.90);
insert into instructor values('4202', 'e5', 'd6', 83412.35);
insert into instructor values('95050', 'e7', 'd10', 111685.58);
insert into instructor values('79410', 'e6', 'd2', 54814.23);
insert into instructor values('97724', 'e2', 'd2', 55440.91);
insert into instructor values('37722', 'e5', 'd1', 55697.39);
insert into instructor values('10716', 'e2', 'd4', 97541.00);
insert into instructor values('30911', 'e9', 'd8', 85644.31);
insert into instructor values('63475', 'e1', 'd6', 118528.47);
insert into instructor values('16135', 'e8', 'd5', 89501.56);
insert into instructor values('11602', 'e10', 'd10', 80085.36);
insert into section values('789', '1', 'Spring', 2003, 'a6', '607', 'E');
insert into section values('965', '1', 'Fall', 2002, 'a7', '874', 'P');
insert into section values('254', '1', 'Fall', 2005, 'a2', '69', 'D');
insert into section values('321', '1', 'Fall', 2001, 'a2', '69', 'G');
insert into section values('254', '2', 'Fall', 2001, 'a7', '874', 'D');
insert into section values('460', '1', 'Spring', 2007, 'a6', '607', 'J');
insert into section values('146', '1', 'Spring', 2006, 'a6', '700', 'J');
insert into section values('321', '2', 'Spring', 2008, 'a7', '874', 'P');
insert into section values('460', '2', 'Fall', 2005, 'a5', '960', 'K');
insert into section values('321', '3', 'Fall', 2005, 'a7', '402', 'N');
insert into section values('918', '1', 'Spring', 2006, 'a7', '402', 'I');
insert into section values('753', '1', 'Spring', 2003, 'a2', '69', 'O');
insert into section values('753', '2', 'Fall', 2002, 'a5', '960', 'F');
insert into section values('897', '1', 'Fall', 2006, 'a8', '964', 'E');
insert into section values('241', '1', 'Spring', 2006, 'a6', '607', 'L');
insert into section values('792', '1', 'Fall', 2007, 'a8', '964', 'A');
insert into section values('366', '1', 'Fall', 2003, 'a7', '402', 'F');
insert into section values('573', '1', 'Fall', 2003, 'a5', '960', 'N');
insert into section values('178', '1', 'Fall', 2006, 'a7', '929', 'C');
insert into section values('918', '2', 'Fall', 2006, 'a6', '607', 'N');
insert into section values('404', '1', 'Spring', 2005, 'a5', '960', 'G');
insert into section values('286', '1', 'Spring', 2007, 'a6', '607', 'I');
insert into section values('293', '1', 'Spring', 2008, 'a7', '874', 'N');
insert into section values('902', '1', 'Spring', 2004, 'a10', '424', 'F');
insert into section values('286', '2', 'Fall', 2006, 'a6', '700', 'G');
insert into section values('693', '1', 'Fall', 2010, 'a10', '424', 'A');
insert into section values('724', '1', 'Spring', 2004, 'a2', '69', 'M');
insert into section values('146', '2', 'Spring', 2001, 'a2', '69', 'M');
insert into section values('821', '1', 'Fall', 2004, 'a7', '929', 'L');
insert into section values('446', '1', 'Fall', 2001, 'a10', '424', 'A');
insert into section values('491', '1', 'Spring', 2004, 'a3', '513', 'F');
insert into section values('254', '3', 'Fall', 2010, 'a10', '424', 'G');
insert into section values('366', '2', 'Fall', 2002, 'a7', '402', 'C');
insert into section values('286', '3', 'Spring', 2008, 'a10', '424', 'I');
insert into section values('293', '2', 'Spring', 2003, 'a8', '964', 'A');
insert into section values('603', '1', 'Spring', 2004, 'a6', '700', 'H');
insert into section values('918', '3', 'Fall', 2006, 'a6', '607', 'N');
insert into section values('723', '1', 'Spring', 2005, 'a5', '960', 'N');
insert into section values('723', '2', 'Spring', 2003, 'a3', '513', 'D');
insert into section values('364', '1', 'Fall', 2010, 'a7', '874', 'A');
insert into section values('404', '2', 'Fall', 2007, 'a6', '700', 'M');
insert into section values('150', '1', 'Spring', 2005, 'a8', '964', 'E');
insert into section values('549', '1', 'Spring', 2001, 'a3', '513', 'J');
insert into section values('460', '3', 'Fall', 2005, 'a3', '513', 'M');
insert into section values('241', '2', 'Spring', 2008, 'a7', '929', 'B');
insert into section values('364', '2', 'Spring', 2010, 'a3', '513', 'N');
insert into section values('150', '2', 'Spring', 2005, 'a2', '69', 'L');
insert into section values('809', '1', 'Spring', 2001, 'a6', '700', 'B');
insert into section values('724', '2', 'Fall', 2002, 'a6', '700', 'M');
insert into section values('815', '1', 'Spring', 2004, 'a6', '700', 'N');
insert into section values('460', '4', 'Spring', 2007, 'a2', '69', 'I');
insert into section values('918', '4', 'Spring', 2007, 'a7', '402', 'E');
insert into section values('293', '3', 'Spring', 2007, 'a7', '929', 'C');
insert into section values('365', '1', 'Spring', 2002, 'a6', '700', 'O');
insert into section values('106', '1', 'Spring', 2003, 'a7', '874', 'L');
insert into section values('216', '1', 'Spring', 2006, 'a3', '513', 'O');
insert into section values('417', '1', 'Spring', 2007, 'a2', '69', 'E');
insert into section values('446', '2', 'Fall', 2001, 'a5', '960', 'M');
insert into section values('965', '2', 'Spring', 2010, 'a6', '607', 'F');
insert into section values('241', '3', 'Fall', 2008, 'a7', '874', 'A');
insert into section values('318', '1', 'Spring', 2008, 'a10', '424', 'F');
insert into section values('106', '2', 'Spring', 2008, 'a2', '69', 'D');
insert into section values('656', '1', 'Fall', 2008, 'a7', '874', 'A');
insert into section values('150', '3', 'Spring', 2001, 'a5', '960', 'J');
insert into section values('318', '2', 'Fall', 2001, 'a7', '402', 'D');
insert into section values('293', '4', 'Spring', 2009, 'a2', '69', 'B');
insert into section values('965', '3', 'Spring', 2004, 'a6', '700', 'H');
insert into section values('815', '2', 'Spring', 2007, 'a10', '424', 'J');
insert into section values('964', '1', 'Fall', 2001, 'a10', '424', 'E');
insert into section values('753', '3', 'Fall', 2001, 'a7', '929', 'J');
insert into section values('253', '1', 'Spring', 2007, 'a7', '402', 'M');
insert into section values('735', '1', 'Fall', 2002, 'a5', '960', 'J');
insert into section values('216', '2', 'Spring', 2006, 'a6', '607', 'O');
insert into section values('304', '1', 'Spring', 2007, 'a7', '929', 'I');
insert into section values('780', '1', 'Spring', 2005, 'a8', '964', 'F');
insert into section values('366', '3', 'Spring', 2001, 'a5', '960', 'K');
insert into section values('732', '1', 'Spring', 2007, 'a7', '874', 'A');
insert into section values('216', '3', 'Spring', 2005, 'a10', '424', 'E');
insert into section values('753', '4', 'Fall', 2001, 'a7', '402', 'C');
insert into section values('897', '2', 'Fall', 2004, 'a7', '929', 'P');
insert into section values('549', '2', 'Spring', 2008, 'a6', '607', 'E');
insert into section values('821', '2', 'Spring', 2002, 'a3', '513', 'O');
insert into section values('321', '4', 'Fall', 2008, 'a7', '929', 'K');
insert into section values('404', '3', 'Fall', 2005, 'a6', '607', 'H');
insert into section values('293', '5', 'Fall', 2002, 'a7', '929', 'H');
insert into section values('815', '3', 'Spring', 2001, 'a3', '513', 'P');
insert into section values('964', '2', 'Fall', 2001, 'a7', '929', 'A');
insert into section values('293', '6', 'Fall', 2007, 'a3', '513', 'O');
insert into section values('364', '3', 'Spring', 2004, 'a2', '69', 'E');
insert into section values('735', '2', 'Fall', 2004, 'a3', '513', 'M');
insert into section values('643', '1', 'Spring', 2005, 'a8', '964', 'A');
insert into section values('902', '2', 'Fall', 2006, 'a8', '964', 'O');
insert into section values('735', '3', 'Fall', 2004, 'a3', '513', 'C');
insert into section values('753', '5', 'Fall', 2006, 'a5', '960', 'H');
insert into section values('294', '1', 'Fall', 2008, 'a5', '960', 'A');
insert into section values('365', '2', 'Fall', 2002, 'a3', '513', 'K');
insert into section values('643', '2', 'Fall', 2002, 'a8', '964', 'M');
insert into section values('965', '4', 'Fall', 2009, 'a3', '513', 'N');
insert into section values('150', '4', 'Spring', 2010, 'a8', '964', 'L');
insert into section values('753', '6', 'Fall', 2005, 'a6', '700', 'G');
insert into section values('815', '4', 'Fall', 2010, 'a7', '874', 'H');
insert into section values('809', '2', 'Fall', 2010, 'a7', '929', 'K');
insert into section values('643', '3', 'Fall', 2001, 'a6', '607', 'P');
insert into section values('178', '2', 'Spring', 2006, 'a7', '402', 'C');
insert into section values('106', '3', 'Fall', 2009, 'a3', '513', 'I');
insert into section values('573', '2', 'Fall', 2003, 'a6', '607', 'M');
insert into section values('656', '2', 'Spring', 2002, 'a10', '424', 'O');
insert into section values('318', '3', 'Spring', 2004, 'a10', '424', 'G');
insert into section values('146', '3', 'Spring', 2010, 'a6', '607', 'J');
insert into section values('253', '2', 'Spring', 2006, 'a3', '513', 'O');
insert into section values('146', '4', 'Fall', 2002, 'a8', '964', 'C');
insert into section values('489', '1', 'Spring', 2007, 'a6', '700', 'N');
insert into section values('693', '2', 'Spring', 2009, 'a7', '874', 'N');
insert into section values('656', '3', 'Spring', 2009, 'a6', '700', 'O');
insert into section values('753', '7', 'Fall', 2005, 'a6', '607', 'E');
insert into section values('404', '4', 'Fall', 2004, 'a8', '964', 'L');
insert into section values('789', '2', 'Spring', 2007, 'a2', '69', 'M');
insert into section values('282', '1', 'Fall', 2001, 'a6', '700', 'L');
insert into section values('253', '3', 'Fall', 2002, 'a7', '929', 'N');
insert into section values('844', '1', 'Fall', 2008, 'a8', '964', 'L');
insert into section values('918', '5', 'Spring', 2009, 'a8', '964', 'G');
insert into section values('792', '2', 'Spring', 2001, 'a5', '960', 'L');
insert into section values('902', '3', 'Spring', 2005, 'a7', '874', 'F');
insert into section values('417', '2', 'Fall', 2002, 'a5', '960', 'N');
insert into section values('902', '4', 'Fall', 2003, 'a10', '424', 'I');
insert into section values('491', '2', 'Fall', 2008, 'a3', '513', 'C');
insert into section values('254', '4', 'Spring', 2005, 'a8', '964', 'C');
insert into section values('460', '5', 'Spring', 2009, 'a6', '700', 'A');
insert into section values('965', '5', 'Spring', 2009, 'a8', '964', 'D');
insert into section values('404', '5', 'Spring', 2007, 'a6', '607', 'L');
insert into section values('293', '7', 'Spring', 2003, 'a6', '607', 'M');
insert into section values('146', '5', 'Fall', 2007, 'a10', '424', 'K');
insert into section values('815', '5', 'Fall', 2010, 'a6', '700', 'J');
insert into section values('146', '6', 'Spring', 2009, 'a7', '874', 'C');
insert into section values('417', '3', 'Fall', 2007, 'a6', '700', 'L');
insert into section values('603', '2', 'Spring', 2001, 'a3', '513', 'D');
insert into section values('460', '6', 'Fall', 2006, 'a5', '960', 'I');
insert into section values('780', '2', 'Spring', 2001, 'a10', '424', 'L');
insert into section values('573', '3', 'Spring', 2005, 'a6', '700', 'D');
insert into section values('753', '8', 'Spring', 2007, 'a10', '424', 'M');
insert into section values('918', '6', 'Fall', 2010, 'a6', '700', 'F');
insert into section values('897', '3', 'Fall', 2009, 'a7', '929', 'B');
insert into section values('902', '5', 'Spring', 2003, 'a6', '607', 'D');
insert into section values('918', '7', 'Spring', 2003, 'a7', '402', 'E');
insert into section values('643', '4', 'Spring', 2009, 'a6', '607', 'B');
insert into section values('723', '3', 'Fall', 2006, 'a10', '424', 'M');
insert into section values('724', '3', 'Fall', 2010, 'a10', '424', 'B');
insert into section values('735', '4', 'Spring', 2001, 'a6', '700', 'L');
insert into section values('404', '6', 'Spring', 2003, 'a6', '700', 'J');
insert into section values('460', '7', 'Spring', 2004, 'a6', '607', 'K');
insert into section values('304', '2', 'Fall', 2001, 'a2', '69', 'E');
insert into section values('789', '3', 'Spring', 2007, 'a6', '607', 'K');
insert into section values('789', '4', 'Fall', 2009, 'a7', '929', 'P');
insert into section values('150', '5', 'Fall', 2002, 'a6', '607', 'D');
insert into section values('365', '3', 'Fall', 2003, 'a6', '607', 'K');
insert into section values('964', '3', 'Spring', 2001, 'a10', '424', 'G');
insert into section values('753', '9', 'Fall', 2002, 'a8', '964', 'M');
insert into section values('918', '8', 'Spring', 2003, 'a10', '424', 'M');
insert into section values('304', '3', 'Fall', 2004, 'a7', '929', 'F');
insert into section values('146', '7', 'Spring', 2007, 'a6', '607', 'P');
insert into section values('318', '4', 'Fall', 2002, 'a2', '69', 'E');
insert into section values('732', '2', 'Fall', 2008, 'a8', '964', 'M');
insert into section values('918', '9', 'Fall', 2008, 'a2', '69', 'E');
insert into section values('918', '10', 'Fall', 2009, 'a6', '700', 'C');
insert into section values('294', '2', 'Spring', 2009, 'a10', '424', 'E');
insert into section values('321', '5', 'Fall', 2004, 'a2', '69', 'N');
insert into section values('417', '4', 'Fall', 2001, 'a6', '607', 'J');
insert into section values('304', '4', 'Fall', 2003, 'a6', '607', 'K');
insert into section values('724', '4', 'Fall', 2006, 'a2', '69', 'L');
insert into section values('656', '4', 'Spring', 2005, 'a8', '964', 'O');
insert into section values('735', '5', 'Fall', 2004, 'a2', '69', 'C');
insert into section values('580', '1', 'Fall', 2001, 'a10', '424', 'I');
insert into section values('964', '4', 'Fall', 2004, 'a3', '513', 'L');
insert into section values('964', '5', 'Fall', 2003, 'a8', '964', 'H');
insert into section values('899', '1', 'Fall', 2001, 'a8', '964', 'A');
insert into section values('294', '3', 'Fall', 2006, 'a7', '402', 'I');
insert into section values('241', '4', 'Fall', 2001, 'a3', '513', 'F');
insert into section values('146', '8', 'Spring', 2001, 'a3', '513', 'M');
insert into section values('753', '10', 'Spring', 2002, 'a7', '874', 'M');
insert into section values('282', '2', 'Spring', 2002, 'a8', '964', 'E');
insert into section values('732', '3', 'Fall', 2005, 'a7', '874', 'O');
insert into section values('491', '3', 'Fall', 2005, 'a7', '402', 'A');
insert into section values('693', '3', 'Fall', 2005, 'a6', '700', 'L');
insert into section values('241', '5', 'Fall', 2008, 'a3', '513', 'O');
insert into section values('656', '5', 'Fall', 2008, 'a8', '964', 'H');
insert into section values('693', '4', 'Spring', 2008, 'a6', '607', 'A');
insert into section values('643', '5', 'Spring', 2004, 'a2', '69', 'K');
insert into section values('789', '5', 'Fall', 2001, 'a5', '960', 'B');
insert into section values('460', '8', 'Spring', 2002, 'a8', '964', 'P');
insert into section values('580', '2', 'Spring', 2004, 'a6', '607', 'D');
insert into section values('573', '4', 'Fall', 2007, 'a7', '402', 'J');
insert into section values('815', '6', 'Spring', 2001, 'a10', '424', 'I');
insert into section values('318', '5', 'Spring', 2003, 'a5', '960', 'N');
insert into section values('792', '3', 'Fall', 2008, 'a6', '700', 'A');
insert into section values('780', '3', 'Spring', 2007, 'a7', '874', 'A');
insert into section values('643', '6', 'Spring', 2009, 'a8', '964', 'C');
insert into section values('844', '2', 'Spring', 2004, 'a8', '964', 'F');
insert into section values('178', '3', 'Fall', 2002, 'a6', '607', 'H');
insert into section values('404', '7', 'Spring', 2008, 'a6', '700', 'K');
insert into section values('106', '4', 'Fall', 2005, 'a7', '929', 'O');
insert into teaches values('37494', '293', '1', 'Spring', 2008);
insert into teaches values('63475', '491', '1', 'Spring', 2004);
insert into teaches values('16135', '286', '3', 'Spring', 2008);
insert into teaches values('11602', '253', '2', 'Spring', 2006);
insert into teaches values('63475', '965', '3', 'Spring', 2004);
insert into teaches values('28966', '106', '2', 'Spring', 2008);
insert into teaches values('30911', '318', '5', 'Spring', 2003);
insert into teaches values('37494', '366', '1', 'Fall', 2003);
insert into teaches values('45559', '460', '2', 'Fall', 2005);
insert into teaches values('89901', '254', '2', 'Fall', 2001);
insert into teaches values('10716', '146', '6', 'Spring', 2009);
insert into teaches values('63475', '965', '1', 'Fall', 2002);
insert into teaches values('63475', '735', '3', 'Fall', 2004);
insert into teaches values('37722', '902', '2', 'Fall', 2006);
insert into teaches values('16135', '580', '2', 'Spring', 2004);
insert into teaches values('63475', '735', '1', 'Fall', 2002);
insert into teaches values('15766', '321', '5', 'Fall', 2004);
insert into teaches values('89901', '254', '3', 'Fall', 2010);
insert into teaches values('63475', '491', '3', 'Fall', 2005);
insert into teaches values('16135', '792', '3', 'Fall', 2008);
insert into teaches values('30911', '815', '6', 'Spring', 2001);
insert into teaches values('42809', '293', '2', 'Spring', 2003);
insert into teaches values('16135', '365', '2', 'Fall', 2002);
insert into teaches values('63475', '693', '2', 'Spring', 2009);
insert into teaches values('89901', '815', '3', 'Spring', 2001);
insert into teaches values('37494', '964', '2', 'Fall', 2001);
insert into teaches values('79410', '724', '4', 'Fall', 2006);
insert into teaches values('28966', '656', '4', 'Spring', 2005);
insert into teaches values('18330', '789', '1', 'Spring', 2003);
insert into teaches values('16135', '286', '1', 'Spring', 2007);
insert into teaches values('37722', '643', '6', 'Spring', 2009);
insert into teaches values('97724', '724', '2', 'Fall', 2002);
insert into teaches values('45559', '321', '1', 'Fall', 2001);
insert into teaches values('4202', '965', '2', 'Spring', 2010);
insert into teaches values('45559', '321', '2', 'Spring', 2008);
insert into teaches values('11602', '918', '9', 'Fall', 2008);
insert into teaches values('45559', '753', '4', 'Fall', 2001);
insert into teaches values('95050', '253', '3', 'Fall', 2002);
insert into teaches values('11602', '723', '1', 'Spring', 2005);
insert into teaches values('45559', '753', '2', 'Fall', 2002);
insert into teaches values('28966', '809', '2', 'Fall', 2010);
insert into teaches values('45559', '460', '4', 'Spring', 2007);
insert into teaches values('28966', '304', '4', 'Fall', 2003);
insert into teaches values('37494', '293', '5', 'Fall', 2002);
insert into teaches values('63475', '965', '5', 'Spring', 2009);
insert into teaches values('16135', '216', '2', 'Spring', 2006);
insert into teaches values('30911', '815', '1', 'Spring', 2004);
insert into teaches values('95050', '723', '2', 'Spring', 2003);
insert into teaches values('45559', '821', '1', 'Fall', 2004);
insert into teaches values('37494', '293', '4', 'Spring', 2009);
insert into teaches values('10716', '146', '2', 'Spring', 2001);
insert into teaches values('16135', '580', '1', 'Fall', 2001);
insert into teaches values('63475', '491', '2', 'Fall', 2008);
insert into teaches values('77123', '446', '1', 'Fall', 2001);
insert into teaches values('45559', '460', '6', 'Fall', 2006);
insert into teaches values('63475', '693', '3', 'Fall', 2005);
insert into teaches values('11602', '573', '2', 'Fall', 2003);
insert into teaches values('45559', '460', '7', 'Spring', 2004);
insert into teaches values('28966', '304', '2', 'Fall', 2001);
insert into teaches values('10716', '146', '7', 'Spring', 2007);
insert into teaches values('95050', '573', '3', 'Spring', 2005);
insert into teaches values('10716', '294', '3', 'Fall', 2006);
insert into teaches values('45559', '460', '5', 'Spring', 2009);
insert into teaches values('37722', '643', '2', 'Fall', 2002);
insert into teaches values('11602', '918', '2', 'Fall', 2006);
insert into teaches values('5343', '241', '3', 'Fall', 2008);
insert into teaches values('11602', '723', '3', 'Fall', 2006);
insert into teaches values('37494', '964', '1', 'Fall', 2001);
insert into teaches values('97724', '724', '3', 'Fall', 2010);
insert into teaches values('30911', '318', '1', 'Spring', 2008);
insert into teaches values('16135', '286', '2', 'Fall', 2006);
insert into teaches values('28966', '809', '1', 'Spring', 2001);
insert into teaches values('28966', '304', '1', 'Spring', 2007);
insert into teaches values('16135', '216', '1', 'Spring', 2006);
insert into teaches values('37722', '902', '4', 'Fall', 2003);
insert into teaches values('11602', '844', '2', 'Spring', 2004);
insert into teaches values('45559', '321', '4', 'Fall', 2008);
insert into teaches values('63475', '693', '4', 'Spring', 2008);
insert into teaches values('63475', '735', '4', 'Spring', 2001);
insert into teaches values('11602', '844', '1', 'Fall', 2008);
insert into teaches values('45559', '460', '1', 'Spring', 2007);
insert into teaches values('28816', '643', '1', 'Spring', 2005);
insert into teaches values('11602', '918', '5', 'Spring', 2009);
insert into teaches values('63475', '282', '2', 'Spring', 2002);
insert into teaches values('37494', '964', '5', 'Fall', 2003);
insert into teaches values('11602', '573', '1', 'Fall', 2003);
insert into teaches values('24096', '821', '2', 'Spring', 2002);
insert into teaches values('30911', '254', '4', 'Spring', 2005);
insert into teaches values('97724', '732', '3', 'Fall', 2005);
insert into teaches values('10716', '241', '1', 'Spring', 2006);
insert into teaches values('37494', '150', '2', 'Spring', 2005);
insert into teaches values('37494', '366', '2', 'Fall', 2002);
insert into teaches values('30911', '318', '4', 'Fall', 2002);
insert into teaches values('37722', '897', '3', 'Fall', 2009);
insert into teaches values('42809', '150', '5', 'Fall', 2002);
insert into teaches values('11602', '417', '1', 'Spring', 2007);
insert into teaches values('45559', '460', '3', 'Fall', 2005);
insert into teaches values('11602', '253', '1', 'Spring', 2007);
insert into teaches values('10716', '404', '5', 'Spring', 2007);
insert into teaches values('30911', '254', '1', 'Fall', 2005);
insert into student values('74897', 'e4', 'd3', 4);
insert into student values('78242', 'e6', 'd4', 16);
insert into student values('44030', 'e7', 'd9', 40);
insert into student values('8546', 'e8', 'd3', 64);
insert into student values('53167', 'e7', 'd8', 93);
insert into student values('44903', 'e9', 'd7', 92);
insert into student values('18564', 'e7', 'd5', 24);
insert into student values('80437', 'e1', 'd4', 21);
insert into student values('69205', 'e10', 'd8', 72);
insert into student values('50665', 'e6', 'd2', 78);
insert into student values('71638', 'e9', 'd6', 112);
insert into student values('5853', 'e1', 'd7', 0);
insert into student values('8213', 'e7', 'd6', 39);
insert into student values('82819', 'e8', 'd4', 53);
insert into student values('24631', 'e6', 'd3', 129);
insert into student values('75110', 'e8', 'd2', 37);
insert into student values('79680', 'e7', 'd9', 85);
insert into student values('11054', 'e8', 'd3', 69);
insert into student values('15178', 'e3', 'd9', 10);
insert into student values('28922', 'e6', 'd5', 48);
insert into student values('6922', 'e1', 'd10', 61);
insert into student values('94309', 'e10', 'd4', 86);
insert into student values('34352', 'e10', 'd10', 31);
insert into student values('4003', 'e3', 'd4', 117);
insert into student values('19781', 'e3', 'd6', 79);
insert into student values('79587', 'e8', 'd3', 79);
insert into student values('52396', 'e2', 'd7', 56);
insert into student values('98444', 'e5', 'd9', 56);
insert into student values('29699', 'e2', 'd6', 123);
insert into student values('64353', 'e2', 'd9', 77);
insert into student values('24065', 'e1', 'd1', 112);
insert into student values('60479', 'e4', 'd2', 101);
insert into student values('81303', 'e1', 'd3', 106);
insert into student values('36124', 'e2', 'd7', 81);
insert into student values('6641', 'e7', 'd7', 126);
insert into student values('85863', 'e4', 'd6', 127);
insert into student values('38004', 'e10', 'd1', 8);
insert into student values('35372', 'e2', 'd9', 123);
insert into student values('65663', 'e4', 'd3', 23);
insert into student values('18351', 'e4', 'd10', 92);
insert into student values('97324', 'e3', 'd2', 19);
insert into student values('62605', 'e5', 'd5', 66);
insert into student values('86637', 'e10', 'd5', 16);
insert into student values('96672', 'e5', 'd5', 52);
insert into student values('90001', 'e1', 'd6', 40);
insert into student values('66617', 'e2', 'd5', 111);
insert into student values('89470', 'e2', 'd9', 61);
insert into student values('678', 'e8', 'd3', 70);
insert into student values('49462', 'e3', 'd7', 88);
insert into student values('11179', 'e10', 'd7', 7);
insert into student values('47860', 'e1', 'd1', 12);
insert into student values('67402', 'e10', 'd5', 120);
insert into student values('80237', 'e8', 'd10', 72);
insert into student values('49949', 'e2', 'd2', 60);
insert into student values('48434', 'e4', 'd7', 56);
insert into student values('84120', 'e6', 'd7', 103);
insert into student values('53738', 'e10', 'd7', 82);
insert into student values('63146', 'e1', 'd1', 72);
insert into student values('60730', 'e3', 'd9', 51);
insert into student values('21914', 'e9', 'd4', 3);
insert into student values('67198', 'e7', 'd8', 82);
insert into student values('93003', 'e1', 'd2', 115);
insert into student values('85838', 'e3', 'd8', 113);
insert into student values('29722', 'e5', 'd3', 124);
insert into student values('88860', 'e1', 'd7', 92);
insert into student values('28092', 'e4', 'd1', 18);
insert into student values('29330', 'e2', 'd8', 129);
insert into student values('53955', 'e5', 'd6', 66);
insert into student values('79607', 'e2', 'd4', 74);
insert into student values('93336', 'e10', 'd3', 113);
insert into student values('51496', 'e6', 'd1', 57);
insert into student values('49247', 'e1', 'd8', 76);
insert into student values('74176', 'e4', 'd5', 40);
insert into student values('72215', 'e4', 'd10', 12);
insert into student values('4370', 'e1', 'd4', 85);
insert into student values('19961', 'e3', 'd2', 120);
insert into student values('6827', 'e10', 'd8', 16);
insert into student values('12662', 'e2', 'd4', 1);
insert into student values('34035', 'e2', 'd4', 86);
insert into student values('97948', 'e5', 'd7', 127);
insert into student values('84394', 'e7', 'd8', 70);
insert into student values('97519', 'e10', 'd5', 97);
insert into student values('28429', 'e6', 'd6', 109);
insert into student values('92721', 'e3', 'd6', 60);
insert into student values('2608', 'e8', 'd2', 7);
insert into student values('58428', 'e9', 'd5', 63);
insert into student values('162', 'e10', 'd1', 113);
insert into student values('86532', 'e2', 'd1', 80);
insert into student values('17742', 'e6', 'd3', 120);
insert into student values('53975', 'e6', 'd6', 67);
insert into student values('26390', 'e1', 'd7', 98);
insert into student values('8926', 'e5', 'd6', 32);
insert into student values('74808', 'e8', 'd2', 94);
insert into student values('67355', 'e9', 'd9', 41);
insert into student values('9771', 'e5', 'd5', 64);
insert into student values('19563', 'e2', 'd6', 35);
insert into student values('896', 'e4', 'd9', 114);
insert into student values('2563', 'e5', 'd8', 47);
insert into student values('58978', 'e3', 'd8', 0);
insert into student values('75701', 'e3', 'd7', 24);
insert into student values('1048', 'e8', 'd7', 42);
insert into student values('27146', 'e1', 'd8', 54);
insert into student values('56256', 'e7', 'd6', 29);
insert into student values('85766', 'e1', 'd5', 103);
insert into student values('27219', 'e4', 'd5', 120);
insert into student values('76680', 'e8', 'd9', 65);
insert into student values('74310', 'e3', 'd9', 61);
insert into student values('71017', 'e1', 'd8', 129);
insert into student values('15876', 'e7', 'd5', 52);
insert into student values('18394', 'e10', 'd2', 112);
insert into student values('918', 'e3', 'd3', 84);
insert into student values('25704', 'e10', 'd3', 71);
insert into student values('86493', 'e4', 'd3', 92);
insert into student values('27129', 'e3', 'd8', 62);
insert into student values('55252', 'e9', 'd3', 91);
insert into student values('55918', 'e1', 'd1', 12);
insert into student values('93040', 'e9', 'd6', 36);
insert into student values('27361', 'e3', 'd6', 9);
insert into student values('81633', 'e7', 'd10', 77);
insert into student values('33126', 'e2', 'd9', 98);
insert into student values('75120', 'e8', 'd4', 94);
insert into student values('75', 'e2', 'd3', 65);
insert into student values('46561', 'e7', 'd6', 62);
insert into student values('60505', 'e2', 'd8', 54);
insert into student values('11856', 'e8', 'd10', 60);
insert into student values('62610', 'e2', 'd10', 32);
insert into student values('99253', 'e1', 'd7', 4);
insert into student values('86515', 'e1', 'd7', 16);
insert into student values('97826', 'e3', 'd3', 100);
insert into student values('49521', 'e10', 'd2', 21);
insert into student values('63361', 'e4', 'd3', 6);
insert into student values('34557', 'e7', 'd3', 32);
insert into student values('20568', 'e2', 'd4', 6);
insert into student values('42498', 'e5', 'd10', 91);
insert into student values('60038', 'e8', 'd2', 97);
insert into student values('77827', 'e6', 'd6', 84);
insert into student values('773', 'e6', 'd2', 37);
insert into student values('80863', 'e4', 'd1', 55);
insert into student values('42920', 'e2', 'd5', 55);
insert into student values('35439', 'e10', 'd2', 111);
insert into student values('16508', 'e5', 'd1', 29);
insert into student values('19236', 'e7', 'd3', 53);
insert into student values('81352', 'e7', 'd5', 52);
insert into student values('73323', 'e1', 'd2', 89);
insert into student values('45230', 'e5', 'd6', 32);
insert into student values('96266', 'e10', 'd9', 123);
insert into student values('16138', 'e8', 'd1', 43);
insert into student values('84418', 'e3', 'd10', 30);
insert into student values('6895', 'e2', 'd8', 80);
insert into student values('75693', 'e1', 'd7', 57);
insert into student values('86095', 'e8', 'd3', 61);
insert into student values('4286', 'e7', 'd9', 4);
insert into student values('14545', 'e4', 'd4', 5);
insert into student values('36518', 'e5', 'd8', 88);
insert into student values('51258', 'e6', 'd2', 38);
insert into student values('74730', 'e4', 'd10', 89);
insert into student values('71975', 'e10', 'd3', 115);
insert into student values('22288', 'e3', 'd7', 88);
insert into student values('25806', 'e1', 'd3', 84);
insert into student values('89841', 'e5', 'd6', 57);
insert into student values('25186', 'e9', 'd6', 103);
insert into student values('61189', 'e10', 'd4', 114);
insert into student values('33646', 'e4', 'd4', 51);
insert into student values('29820', 'e9', 'd6', 44);
insert into student values('54070', 'e2', 'd1', 127);
insert into student values('19457', 'e7', 'd8', 47);
insert into student values('10747', 'e9', 'd6', 3);
insert into student values('73303', 'e3', 'd8', 10);
insert into student values('91221', 'e5', 'd4', 112);
insert into student values('90685', 'e3', 'd6', 40);
insert into student values('39800', 'e9', 'd4', 5);
insert into student values('17100', 'e6', 'd9', 86);
insert into student values('18162', 'e1', 'd7', 98);
insert into student values('65621', 'e8', 'd2', 129);
insert into student values('68648', 'e10', 'd5', 87);
insert into student values('23333', 'e10', 'd9', 52);
insert into student values('90974', 'e9', 'd6', 81);
insert into student values('33762', 'e4', 'd1', 119);
insert into student values('7182', 'e1', 'd1', 64);
insert into student values('93644', 'e8', 'd7', 115);
insert into student values('74861', 'e5', 'd5', 40);
insert into student values('10719', 'e9', 'd3', 125);
insert into student values('41259', 'e5', 'd5', 10);
insert into student values('17805', 'e2', 'd1', 4);
insert into student values('68881', 'e3', 'd4', 62);
insert into student values('29767', 'e4', 'd7', 76);
insert into student values('52994', 'e7', 'd5', 57);
insert into student values('21874', 'e1', 'd7', 48);
insert into student values('85596', 'e8', 'd6', 70);
insert into student values('2547', 'e9', 'd9', 72);
insert into student values('29686', 'e10', 'd7', 15);
insert into student values('86822', 'e3', 'd4', 125);
insert into student values('10593', 'e1', 'd2', 16);
insert into student values('27296', 'e10', 'd6', 69);
insert into student values('88777', 'e2', 'd2', 27);
insert into student values('70002', 'e2', 'd4', 115);
insert into student values('50323', 'e7', 'd6', 72);
insert into student values('7718', 'e8', 'd8', 103);
insert into student values('26590', 'e9', 'd5', 82);
insert into student values('11393', 'e8', 'd2', 116);
insert into takes values('67198', '753', '1', 'Spring', 2003, 'A+');
insert into takes values('62605', '321', '3', 'Fall', 2005, 'B-');
insert into takes values('18351', '293', '4', 'Spring', 2009, 'C+');
insert into takes values('73303', '318', '3', 'Spring', 2004, 'C ');
insert into takes values('89470', '792', '3', 'Fall', 2008, 'A-');
insert into takes values('67198', '897', '2', 'Fall', 2004, 'A-');
insert into takes values('11393', '724', '4', 'Fall', 2006, 'B-');
insert into takes values('19236', '318', '3', 'Spring', 2004, 'A+');
insert into takes values('90001', '753', '5', 'Fall', 2006, 'C-');
insert into takes values('773', '656', '5', 'Fall', 2008, 'C ');
insert into takes values('25186', '549', '2', 'Spring', 2008, 'C+');
insert into takes values('75693', '253', '3', 'Fall', 2002, 'C-');
insert into takes values('28092', '304', '3', 'Fall', 2004, 'A ');
insert into takes values('80437', '146', '2', 'Spring', 2001, 'B-');
insert into takes values('64353', '753', '8', 'Spring', 2007, 'A ');
insert into takes values('55918', '491', '2', 'Fall', 2008, 'B-');
insert into takes values('75110', '106', '1', 'Spring', 2003, 'A-');
insert into takes values('81352', '918', '9', 'Fall', 2008, 'A-');
insert into takes values('74897', '918', '5', 'Spring', 2009, 'A+');
insert into takes values('63146', '178', '2', 'Spring', 2006, 'B+');
insert into takes values('45230', '460', '8', 'Spring', 2002, 'A-');
insert into takes values('51496', '753', '4', 'Fall', 2001, 'C+');
insert into takes values('8213', '366', '2', 'Fall', 2002, 'A ');
insert into takes values('75', '897', '3', 'Fall', 2009, 'A ');
insert into takes values('97948', '815', '2', 'Spring', 2007, 'A+');
insert into takes values('36518', '106', '2', 'Spring', 2008, 'B-');
insert into takes values('85863', '732', '3', 'Fall', 2005, 'B+');
insert into takes values('89470', '364', '3', 'Spring', 2004, 'C ');
insert into takes values('11393', '693', '1', 'Fall', 2010, 'A ');
insert into takes values('6641', '918', '9', 'Fall', 2008, 'C+');
insert into takes values('90974', '446', '1', 'Fall', 2001, 'C-');
insert into takes values('52994', '735', '2', 'Fall', 2004, 'A+');
insert into takes values('62605', '254', '3', 'Fall', 2010, 'B+');
insert into takes values('29699', '491', '2', 'Fall', 2008, 'C+');
insert into takes values('7718', '446', '2', 'Fall', 2001, 'B+');
insert into takes values('19781', '643', '2', 'Fall', 2002, 'C+');
insert into takes values('80863', '365', '2', 'Fall', 2002, 'A+');
insert into takes values('27129', '964', '5', 'Fall', 2003, 'A+');
insert into takes values('18394', '732', '1', 'Spring', 2007, 'A ');
insert into takes values('74730', '902', '4', 'Fall', 2003, 'B-');
insert into takes values('78242', '241', '4', 'Fall', 2001, 'B-');
insert into takes values('29699', '918', '3', 'Fall', 2006, 'A ');
insert into takes values('52396', '753', '8', 'Spring', 2007, 'A-');
insert into takes values('29699', '241', '4', 'Fall', 2001, 'C+');
insert into takes values('54070', '365', '3', 'Fall', 2003, 'C+');
insert into takes values('75110', '735', '4', 'Spring', 2001, 'A ');
insert into takes values('25806', '656', '3', 'Spring', 2009, 'B-');
insert into takes values('73323', '789', '5', 'Fall', 2001, 'A ');
insert into takes values('17100', '216', '2', 'Spring', 2006, 'C-');
insert into takes values('1048', '693', '2', 'Spring', 2009, 'A ');
insert into takes values('19236', '964', '2', 'Fall', 2001, 'A-');
insert into takes values('99253', '815', '3', 'Spring', 2001, 'C+');
insert into takes values('52994', '216', '2', 'Spring', 2006, 'C ');
insert into takes values('85838', '723', '2', 'Spring', 2003, 'C ');
insert into takes values('49521', '780', '3', 'Spring', 2007, 'B ');
insert into takes values('28922', '656', '4', 'Spring', 2005, 'A ');
insert into takes values('8926', '789', '2', 'Spring', 2007, 'A+');
insert into takes values('90685', '146', '6', 'Spring', 2009, 'C-');
insert into takes values('11856', '253', '3', 'Fall', 2002, 'B ');
insert into takes values('27219', '404', '1', 'Spring', 2005, 'B+');
insert into takes values('79680', '241', '3', 'Fall', 2008, 'A ');
insert into takes values('35372', '964', '1', 'Fall', 2001, 'C ');
insert into takes values('896', '573', '1', 'Fall', 2003, 'B-');
insert into takes values('52994', '573', '3', 'Spring', 2005, 'A ');
insert into takes values('27361', '789', '3', 'Spring', 2007, 'B+');
insert into takes values('49949', '446', '1', 'Fall', 2001, 'C-');
insert into takes values('61189', '693', '3', 'Fall', 2005, 'A-');
insert into takes values('62605', '150', '1', 'Spring', 2005, 'C+');
insert into takes values('93644', '318', '4', 'Fall', 2002, 'B-');
insert into takes values('18394', '318', '5', 'Spring', 2003, 'A-');
insert into takes values('50665', '753', '9', 'Fall', 2002, 'B-');
insert into takes values('14545', '643', '1', 'Spring', 2005, 'A-');
insert into takes values('85596', '918', '7', 'Spring', 2003, 'B ');
insert into takes values('89841', '964', '2', 'Fall', 2001, 'C-');
insert into takes values('63146', '146', '2', 'Spring', 2001, 'C+');
insert into takes values('86637', '964', '2', 'Fall', 2001, 'B-');
insert into takes values('10719', '753', '8', 'Spring', 2007, 'B-');
insert into takes values('8213', '489', '1', 'Spring', 2007, 'B ');
insert into takes values('65663', '282', '1', 'Fall', 2001, 'B-');
insert into takes values('58978', '417', '3', 'Fall', 2007, 'C+');
insert into takes values('29686', '899', '1', 'Fall', 2001, 'A ');
insert into takes values('11179', '918', '2', 'Fall', 2006, 'C ');
insert into takes values('36518', '321', '3', 'Fall', 2005, 'B ');
insert into takes values('72215', '321', '3', 'Fall', 2005, 'A+');
insert into takes values('17100', '318', '2', 'Fall', 2001, 'B ');
insert into takes values('81352', '735', '4', 'Spring', 2001, 'C ');
insert into takes values('6895', '216', '2', 'Spring', 2006, 'A ');
insert into takes values('53955', '693', '2', 'Spring', 2009, 'A-');
insert into takes values('162', '404', '5', 'Spring', 2007, 'B ');
insert into takes values('73303', '789', '4', 'Fall', 2009, 'B+');
insert into takes values('55918', '815', '4', 'Fall', 2010, 'B+');
insert into takes values('78242', '964', '5', 'Fall', 2003, 'A+');
insert into takes values('11179', '724', '3', 'Fall', 2010, 'B+');
insert into takes values('56256', '918', '1', 'Spring', 2006, 'A ');
insert into takes values('73323', '146', '2', 'Spring', 2001, 'C+');
insert into takes values('86515', '489', '1', 'Spring', 2007, 'B ');
insert into takes values('60479', '815', '5', 'Fall', 2010, 'A ');
insert into takes values('93003', '753', '10', 'Spring', 2002, 'A-');
insert into takes values('38004', '918', '7', 'Spring', 2003, 'A ');
insert into takes values('77827', '491', '1', 'Spring', 2004, 'C-');
insert into takes values('55918', '902', '1', 'Spring', 2004, 'A+');
insert into takes values('88860', '366', '2', 'Fall', 2002, 'A-');
insert into takes values('85863', '241', '4', 'Fall', 2001, 'A-');
insert into takes values('70002', '918', '6', 'Fall', 2010, 'C+');
insert into takes values('60038', '318', '3', 'Spring', 2004, 'C+');
insert into takes values('27219', '964', '4', 'Fall', 2004, 'B ');
insert into takes values('896', '603', '2', 'Spring', 2001, 'A+');
insert into takes values('162', '304', '1', 'Spring', 2007, 'A+');
insert into takes values('54070', '723', '3', 'Fall', 2006, 'C ');
insert into takes values('2563', '897', '2', 'Fall', 2004, 'C-');
insert into takes values('6895', '815', '5', 'Fall', 2010, 'B+');
insert into takes values('19961', '282', '1', 'Fall', 2001, 'A-');
insert into takes values('77827', '146', '8', 'Spring', 2001, 'B ');
insert into takes values('54070', '724', '1', 'Spring', 2004, 'C ');
insert into takes values('28429', '241', '4', 'Fall', 2001, 'B ');
insert into takes values('71017', '965', '1', 'Fall', 2002, 'A+');
insert into takes values('7182', '753', '3', 'Fall', 2001, 'A ');
insert into takes values('50323', '253', '2', 'Spring', 2006, 'C ');
insert into takes values('60038', '146', '5', 'Fall', 2007, 'B-');
insert into takes values('39800', '491', '2', 'Fall', 2008, 'B ');
insert into takes values('4003', '318', '3', 'Spring', 2004, 'A ');
insert into takes values('55918', '789', '4', 'Fall', 2009, 'C ');
insert into takes values('49462', '573', '4', 'Fall', 2007, 'A+');
insert into takes values('63146', '965', '3', 'Spring', 2004, 'A ');
insert into takes values('53738', '964', '2', 'Fall', 2001, 'A-');
insert into takes values('93336', '146', '6', 'Spring', 2009, 'C-');
insert into takes values('20568', '792', '3', 'Fall', 2008, 'B+');
insert into takes values('80237', '789', '1', 'Spring', 2003, 'B+');
insert into takes values('74176', '723', '1', 'Spring', 2005, 'A+');
insert into takes values('8546', '902', '2', 'Fall', 2006, 'C ');
insert into takes values('67355', '321', '5', 'Fall', 2004, 'C ');
insert into takes values('71975', '241', '4', 'Fall', 2001, 'A+');
insert into takes values('2563', '178', '1', 'Fall', 2006, 'B ');
insert into takes values('63146', '417', '2', 'Fall', 2002, 'B-');
insert into takes values('2608', '404', '5', 'Spring', 2007, 'C-');
insert into takes values('22288', '918', '2', 'Fall', 2006, 'A+');
insert into takes values('19563', '789', '5', 'Fall', 2001, 'C+');
insert into takes values('88860', '146', '1', 'Spring', 2006, 'C ');
insert into takes values('6895', '789', '4', 'Fall', 2009, 'A-');
insert into takes values('61189', '789', '1', 'Spring', 2003, 'B-');
insert into takes values('7182', '735', '4', 'Spring', 2001, 'A-');
insert into takes values('19961', '735', '3', 'Fall', 2004, 'B+');
insert into takes values('22288', '735', '2', 'Fall', 2004, 'A-');
insert into takes values('29686', '318', '4', 'Fall', 2002, 'C ');
insert into takes values('56256', '643', '3', 'Fall', 2001, 'B+');
insert into takes values('29820', '146', '4', 'Fall', 2002, 'A+');
insert into takes values('84418', '753', '9', 'Fall', 2002, 'B+');
insert into takes values('6827', '365', '3', 'Fall', 2003, 'B ');
insert into takes values('36124', '918', '3', 'Fall', 2006, 'A+');
insert into takes values('85838', '216', '3', 'Spring', 2005, 'B-');
insert into takes values('27296', '753', '1', 'Spring', 2003, 'A ');
insert into takes values('62610', '918', '8', 'Spring', 2003, 'B ');
insert into takes values('53167', '753', '3', 'Fall', 2001, 'B+');
insert into takes values('79680', '364', '3', 'Spring', 2004, 'B-');
insert into takes values('81352', '792', '3', 'Fall', 2008, 'C+');
insert into takes values('86532', '491', '1', 'Spring', 2004, 'B ');
insert into takes values('42498', '902', '2', 'Fall', 2006, 'A ');
insert into takes values('85838', '902', '3', 'Spring', 2005, 'C+');
insert into takes values('10593', '809', '2', 'Fall', 2010, 'A ');
insert into takes values('33762', '150', '4', 'Spring', 2010, 'B-');
insert into takes values('33646', '964', '4', 'Fall', 2004, 'B ');
insert into takes values('79680', '573', '3', 'Spring', 2005, 'C+');
insert into takes values('24631', '293', '4', 'Spring', 2009, 'B+');
insert into takes values('44030', '897', '1', 'Fall', 2006, 'A-');
insert into takes values('60730', '753', '3', 'Fall', 2001, 'C ');
insert into takes values('70002', '366', '3', 'Spring', 2001, 'C+');
insert into takes values('51496', '603', '1', 'Spring', 2004, 'C-');
insert into takes values('25186', '460', '3', 'Fall', 2005, 'B+');
insert into takes values('54070', '321', '3', 'Fall', 2005, 'C ');
insert into takes values('85838', '460', '3', 'Fall', 2005, 'C-');
insert into takes values('4003', '753', '4', 'Fall', 2001, 'C ');
insert into takes values('91221', '780', '1', 'Spring', 2005, 'B+');
insert into takes values('58428', '253', '2', 'Spring', 2006, 'A ');
insert into takes values('773', '815', '5', 'Fall', 2010, 'B+');
insert into takes values('17805', '150', '5', 'Fall', 2002, 'B ');
insert into takes values('10747', '365', '1', 'Spring', 2002, 'C+');
insert into takes values('35372', '417', '4', 'Fall', 2001, 'A ');
insert into takes values('33646', '241', '2', 'Spring', 2008, 'B ');
insert into takes values('33646', '253', '1', 'Spring', 2007, 'B ');
insert into takes values('15876', '918', '2', 'Fall', 2006, 'C+');
insert into takes values('19961', '304', '3', 'Fall', 2004, 'B-');
insert into takes values('53167', '254', '3', 'Fall', 2010, 'B ');
insert into takes values('19961', '815', '2', 'Spring', 2007, 'B-');
insert into takes values('8213', '580', '2', 'Spring', 2004, 'C-');
insert into takes values('896', '573', '4', 'Fall', 2007, 'B-');
insert into takes values('18351', '106', '3', 'Fall', 2009, 'C-');
insert into takes values('74861', '321', '3', 'Fall', 2005, 'A+');
insert into takes values('28092', '146', '5', 'Fall', 2007, 'C ');
insert into takes values('85766', '241', '4', 'Fall', 2001, 'B+');
insert into takes values('60730', '780', '1', 'Spring', 2005, 'A-');
insert into takes values('69205', '146', '8', 'Spring', 2001, 'B-');
insert into takes values('79607', '364', '2', 'Spring', 2010, 'A+');
insert into takes values('53955', '603', '1', 'Spring', 2004, 'B+');
insert into takes values('39800', '365', '1', 'Spring', 2002, 'B ');
insert into takes values('39800', '150', '4', 'Spring', 2010, 'B+');
insert into takes values('6641', '491', '2', 'Fall', 2008, 'C ');
insert into takes values('17805', '286', '3', 'Spring', 2008, 'A ');
insert into takes values('96266', '735', '2', 'Fall', 2004, 'A-');
insert into takes values('75693', '897', '1', 'Fall', 2006, 'B+');
insert into takes values('35439', '293', '4', 'Spring', 2009, 'C+');
insert into takes values('55918', '417', '1', 'Spring', 2007, 'A ');
insert into takes values('27129', '735', '1', 'Fall', 2002, 'B ');
insert into takes values('74310', '753', '9', 'Fall', 2002, 'A+');
insert into takes values('52396', '821', '1', 'Fall', 2004, 'B-');
insert into takes values('80237', '753', '8', 'Spring', 2007, 'B-');
insert into takes values('10719', '815', '6', 'Spring', 2001, 'A ');
insert into takes values('62610', '146', '1', 'Spring', 2006, 'C ');
insert into takes values('60505', '286', '1', 'Spring', 2007, 'C+');
insert into takes values('90001', '753', '10', 'Spring', 2002, 'A+');
insert into takes values('4286', '146', '8', 'Spring', 2001, 'A+');
insert into takes values('53738', '417', '2', 'Fall', 2002, 'A ');
insert into takes values('85766', '216', '3', 'Spring', 2005, 'B ');
insert into takes values('20568', '815', '3', 'Spring', 2001, 'A ');
insert into takes values('63361', '897', '2', 'Fall', 2004, 'C+');
insert into takes values('18394', '364', '2', 'Spring', 2010, 'C-');
insert into takes values('75', '178', '3', 'Fall', 2002, 'C ');
insert into takes values('97324', '964', '1', 'Fall', 2001, 'A-');
insert into takes values('25186', '724', '4', 'Fall', 2006, 'A ');
insert into takes values('11393', '789', '2', 'Spring', 2007, 'C-');
insert into takes values('74730', '318', '1', 'Spring', 2008, 'A-');
insert into takes values('39800', '318', '2', 'Fall', 2001, 'B-');
insert into takes values('29820', '417', '4', 'Fall', 2001, 'C ');
insert into takes values('90974', '318', '4', 'Fall', 2002, 'C-');
insert into takes values('27129', '821', '1', 'Fall', 2004, 'B+');
insert into takes values('18394', '254', '1', 'Fall', 2005, 'A-');
insert into takes values('25704', '643', '4', 'Spring', 2009, 'B+');
insert into takes values('53955', '446', '2', 'Fall', 2001, 'A ');
insert into takes values('8213', '918', '8', 'Spring', 2003, 'C ');
insert into takes values('67402', '254', '1', 'Fall', 2005, 'A-');
insert into takes values('9771', '241', '4', 'Fall', 2001, 'C-');
insert into takes values('51258', '780', '3', 'Spring', 2007, 'C ');
insert into takes values('99253', '489', '1', 'Spring', 2007, 'C ');
insert into takes values('29722', '656', '5', 'Fall', 2008, 'C-');
insert into takes values('61189', '491', '3', 'Fall', 2005, 'B+');
insert into takes values('53975', '693', '1', 'Fall', 2010, 'B-');
insert into takes values('54070', '732', '1', 'Spring', 2007, 'C-');
insert into takes values('44030', '902', '5', 'Spring', 2003, 'A+');
insert into takes values('75693', '965', '5', 'Spring', 2009, 'B ');
insert into takes values('97826', '365', '2', 'Fall', 2002, 'C+');
insert into takes values('9771', '918', '1', 'Spring', 2006, 'C+');
insert into takes values('36518', '146', '5', 'Fall', 2007, 'B+');
insert into takes values('85863', '549', '1', 'Spring', 2001, 'B+');
insert into takes values('6827', '216', '3', 'Spring', 2005, 'B+');
insert into takes values('14545', '815', '4', 'Fall', 2010, 'A+');
insert into takes values('93040', '965', '5', 'Spring', 2009, 'C-');
insert into takes values('75693', '753', '9', 'Fall', 2002, 'C ');
insert into takes values('85838', '918', '2', 'Fall', 2006, 'C-');
insert into takes values('6922', '573', '2', 'Fall', 2003, 'A-');
insert into takes values('11393', '899', '1', 'Fall', 2001, 'B+');
insert into takes values('77827', '809', '2', 'Fall', 2010, 'C-');
insert into takes values('91221', '918', '4', 'Spring', 2007, 'A-');
insert into takes values('38004', '902', '3', 'Spring', 2005, 'A-');
insert into takes values('74808', '753', '5', 'Fall', 2006, 'A-');
insert into takes values('63361', '304', '2', 'Fall', 2001, 'A ');
insert into takes values('65663', '789', '5', 'Fall', 2001, 'B+');
insert into takes values('67402', '735', '1', 'Fall', 2002, 'A ');
insert into takes values('68648', '723', '1', 'Spring', 2005, 'A-');
insert into takes values('71638', '286', '2', 'Fall', 2006, 'A-');
insert into takes values('86637', '282', '1', 'Fall', 2001, 'A+');
insert into takes values('11856', '643', '5', 'Spring', 2004, 'C+');
insert into takes values('10747', '789', '4', 'Fall', 2009, 'A ');
insert into takes values('97519', '902', '2', 'Fall', 2006, 'B-');
insert into takes values('34352', '656', '2', 'Spring', 2002, 'B ');
insert into takes values('36124', '724', '3', 'Fall', 2010, 'B+');
insert into takes values('79587', '918', '8', 'Spring', 2003, 'A-');
insert into takes values('97324', '318', '5', 'Spring', 2003, 'B ');
insert into takes values('27361', '549', '1', 'Spring', 2001, 'B-');
insert into takes values('11856', '366', '2', 'Fall', 2002, 'B+');
insert into takes values('17805', '809', '2', 'Fall', 2010, 'B+');
insert into takes values('55918', '150', '3', 'Spring', 2001, 'A-');
insert into takes values('39800', '753', '5', 'Fall', 2006, 'C ');
insert into takes values('86493', '293', '5', 'Fall', 2002, 'A-');
insert into takes values('53167', '723', '3', 'Fall', 2006, 'C+');
insert into takes values('12662', '918', '5', 'Spring', 2009, 'A-');
insert into takes values('25806', '918', '2', 'Fall', 2006, 'C-');
insert into takes values('91221', '897', '2', 'Fall', 2004, 'C-');
insert into takes values('16138', '460', '2', 'Fall', 2005, 'A ');
insert into takes values('89841', '723', '1', 'Spring', 2005, 'B ');
insert into takes values('58428', '253', '3', 'Fall', 2002, 'A+');
insert into takes values('94309', '656', '2', 'Spring', 2002, 'C+');
insert into takes values('16508', '365', '1', 'Spring', 2002, 'A+');
insert into takes values('93003', '656', '1', 'Fall', 2008, 'A+');
insert into takes values('97324', '417', '3', 'Fall', 2007, 'B-');
insert into takes values('35372', '460', '2', 'Fall', 2005, 'B+');
insert into takes values('96266', '918', '1', 'Spring', 2006, 'A-');
insert into takes values('17100', '293', '6', 'Fall', 2007, 'C ');
insert into takes values('78242', '656', '3', 'Spring', 2009, 'C-');
insert into takes values('5853', '404', '5', 'Spring', 2007, 'C+');
insert into takes values('90974', '902', '5', 'Spring', 2003, 'B+');
insert into takes values('52396', '735', '3', 'Fall', 2004, 'B-');
insert into takes values('678', '918', '5', 'Spring', 2009, 'C+');
insert into takes values('18162', '735', '5', 'Fall', 2004, 'C-');
insert into takes values('896', '241', '3', 'Fall', 2008, 'C-');
insert into takes values('93644', '902', '5', 'Spring', 2003, 'A+');
insert into takes values('79587', '753', '6', 'Fall', 2005, 'A ');
insert into takes values('17805', '573', '4', 'Fall', 2007, 'B+');
insert into takes values('27296', '178', '2', 'Spring', 2006, 'A-');
insert into takes values('22288', '460', '4', 'Spring', 2007, 'B-');
insert into takes values('90974', '491', '1', 'Spring', 2004, 'B+');
insert into takes values('46561', '241', '3', 'Fall', 2008, 'A ');
insert into takes values('69205', '735', '3', 'Fall', 2004, 'C-');
insert into takes values('17805', '241', '2', 'Spring', 2008, 'B+');
insert into takes values('773', '902', '5', 'Spring', 2003, 'B-');
insert into takes values('85596', '318', '1', 'Spring', 2008, 'C+');
insert into takes values('12662', '150', '5', 'Fall', 2002, 'B+');
insert into takes values('26590', '918', '9', 'Fall', 2008, 'A+');
insert into takes values('896', '254', '4', 'Spring', 2005, 'C+');
insert into takes values('52994', '216', '1', 'Spring', 2006, 'A+');
insert into takes values('19236', '732', '2', 'Fall', 2008, 'A-');
insert into takes values('36518', '603', '2', 'Spring', 2001, 'A+');
insert into takes values('27219', '753', '3', 'Fall', 2001, 'B ');
insert into takes values('18394', '809', '1', 'Spring', 2001, 'A ');
insert into takes values('80437', '732', '2', 'Fall', 2008, 'B+');
insert into takes values('45230', '724', '2', 'Fall', 2002, 'A+');
insert into takes values('85596', '964', '5', 'Fall', 2003, 'A+');
insert into takes values('75', '293', '7', 'Spring', 2003, 'B+');
insert into takes values('74310', '491', '3', 'Fall', 2005, 'B+');
insert into takes values('86532', '723', '3', 'Fall', 2006, 'C+');
insert into takes values('62610', '404', '1', 'Spring', 2005, 'B+');
insert into takes values('26590', '146', '3', 'Spring', 2010, 'A ');
insert into takes values('71975', '724', '1', 'Spring', 2004, 'B ');
insert into takes values('97948', '724', '4', 'Fall', 2006, 'A ');
insert into takes values('90974', '693', '3', 'Fall', 2005, 'A-');
insert into takes values('36518', '366', '1', 'Fall', 2003, 'B-');
insert into takes values('50323', '821', '1', 'Fall', 2004, 'B ');
insert into takes values('62610', '724', '2', 'Fall', 2002, 'C-');
insert into takes values('11856', '106', '3', 'Fall', 2009, 'C ');
insert into takes values('55918', '491', '3', 'Fall', 2005, 'C ');
insert into takes values('90974', '656', '4', 'Spring', 2005, 'B+');
insert into takes values('75110', '723', '2', 'Spring', 2003, 'B-');
insert into takes values('97324', '253', '3', 'Fall', 2002, 'B-');
insert into takes values('86493', '304', '2', 'Fall', 2001, 'A ');
insert into takes values('18564', '735', '3', 'Fall', 2004, 'A+');
insert into takes values('12662', '809', '1', 'Spring', 2001, 'A+');
insert into takes values('33762', '491', '2', 'Fall', 2008, 'A-');
insert into takes values('773', '241', '5', 'Fall', 2008, 'C+');
insert into takes values('9771', '304', '1', 'Spring', 2007, 'B+');
insert into takes values('2608', '693', '3', 'Fall', 2005, 'B-');
insert into takes values('71017', '146', '5', 'Fall', 2007, 'C-');
insert into takes values('88777', '294', '1', 'Fall', 2008, 'C-');
insert into takes values('86822', '178', '3', 'Fall', 2002, 'C ');
insert into takes values('60479', '304', '1', 'Spring', 2007, 'B ');
insert into takes values('29699', '417', '1', 'Spring', 2007, 'A ');
insert into takes values('15178', '366', '1', 'Fall', 2003, 'B ');
insert into takes values('11856', '964', '5', 'Fall', 2003, 'A ');
insert into takes values('54070', '902', '3', 'Spring', 2005, 'B ');
insert into takes values('68648', '693', '3', 'Fall', 2005, 'B ');
insert into takes values('29722', '417', '3', 'Fall', 2007, 'C ');
insert into takes values('75110', '693', '4', 'Spring', 2008, 'C ');
insert into takes values('86493', '965', '1', 'Fall', 2002, 'C ');
insert into takes values('88777', '815', '4', 'Fall', 2010, 'C-');
insert into takes values('42498', '965', '3', 'Spring', 2004, 'B-');
insert into takes values('52994', '723', '3', 'Fall', 2006, 'B-');
insert into takes values('18351', '491', '3', 'Fall', 2005, 'B ');
insert into takes values('94309', '404', '4', 'Fall', 2004, 'C ');
insert into takes values('24631', '460', '8', 'Spring', 2002, 'B-');
insert into takes values('17742', '241', '5', 'Fall', 2008, 'A-');
insert into takes values('36518', '815', '6', 'Spring', 2001, 'B-');
insert into takes values('85766', '146', '3', 'Spring', 2010, 'B ');
insert into takes values('27361', '253', '2', 'Spring', 2006, 'B-');
insert into takes values('85863', '753', '6', 'Fall', 2005, 'B ');
insert into takes values('55918', '549', '2', 'Spring', 2008, 'A+');
insert into takes values('21874', '753', '4', 'Fall', 2001, 'A-');
insert into takes values('38004', '253', '2', 'Spring', 2006, 'A+');
insert into takes values('918', '902', '4', 'Fall', 2003, 'B-');
insert into takes values('51496', '693', '1', 'Fall', 2010, 'C+');
insert into takes values('18394', '753', '6', 'Fall', 2005, 'B-');
insert into takes values('51496', '815', '4', 'Fall', 2010, 'B-');
insert into takes values('98444', '446', '1', 'Fall', 2001, 'C+');
insert into takes values('50323', '792', '2', 'Spring', 2001, 'C+');
insert into takes values('9771', '918', '2', 'Fall', 2006, 'B-');
insert into takes values('15876', '964', '4', 'Fall', 2004, 'C+');
insert into takes values('67355', '821', '1', 'Fall', 2004, 'B+');
insert into takes values('2563', '643', '1', 'Spring', 2005, 'C-');
insert into takes values('79587', '294', '3', 'Fall', 2006, 'C-');
insert into takes values('52396', '318', '1', 'Spring', 2008, 'C-');
insert into takes values('34352', '146', '5', 'Fall', 2007, 'B+');
insert into takes values('17805', '753', '6', 'Fall', 2005, 'A+');
insert into takes values('11054', '656', '1', 'Fall', 2008, 'C ');
insert into takes values('5853', '282', '1', 'Fall', 2001, 'A-');
insert into takes values('96266', '753', '1', 'Spring', 2003, 'A-');
insert into takes values('97519', '723', '2', 'Spring', 2003, 'C-');
insert into takes values('80437', '965', '2', 'Spring', 2010, 'C+');
insert into takes values('49462', '178', '2', 'Spring', 2006, 'C ');
insert into takes values('25704', '146', '2', 'Spring', 2001, 'C-');
insert into takes values('45230', '146', '5', 'Fall', 2007, 'A ');
insert into takes values('77827', '753', '7', 'Fall', 2005, 'B-');
insert into takes values('6827', '293', '3', 'Spring', 2007, 'A ');
insert into takes values('65621', '789', '2', 'Spring', 2007, 'A-');
insert into takes values('73303', '965', '3', 'Spring', 2004, 'B+');
insert into takes values('5853', '417', '1', 'Spring', 2007, 'B ');
insert into takes values('72215', '404', '4', 'Fall', 2004, 'C+');
insert into takes values('11856', '918', '7', 'Spring', 2003, 'C ');
insert into takes values('28429', '735', '4', 'Spring', 2001, 'B+');
insert into takes values('75693', '815', '4', 'Fall', 2010, 'B-');
insert into takes values('55918', '573', '4', 'Fall', 2007, 'C-');
insert into takes values('86515', '723', '1', 'Spring', 2005, 'B+');
insert into takes values('72215', '780', '2', 'Spring', 2001, 'A-');
insert into takes values('29767', '241', '5', 'Fall', 2008, 'B+');
insert into takes values('28092', '735', '4', 'Spring', 2001, 'A-');
insert into takes values('97519', '364', '3', 'Spring', 2004, 'A-');
insert into takes values('93040', '294', '3', 'Fall', 2006, 'C+');
insert into takes values('6922', '809', '2', 'Fall', 2010, 'B ');
insert into takes values('85766', '753', '1', 'Spring', 2003, 'A-');
insert into takes values('62605', '844', '1', 'Fall', 2008, 'B-');
insert into takes values('89841', '753', '8', 'Spring', 2007, 'B ');
insert into takes values('62605', '753', '3', 'Fall', 2001, 'C+');
insert into takes values('21874', '106', '1', 'Spring', 2003, 'A+');
insert into takes values('62605', '150', '3', 'Spring', 2001, 'C+');
insert into takes values('29699', '241', '2', 'Spring', 2008, 'C-');
insert into takes values('42498', '241', '2', 'Spring', 2008, 'A ');
insert into takes values('20568', '321', '3', 'Fall', 2005, 'A+');
insert into takes values('67355', '460', '4', 'Spring', 2007, 'C-');
insert into takes values('896', '735', '2', 'Fall', 2004, 'B ');
insert into takes values('80237', '693', '3', 'Fall', 2005, 'A ');
insert into takes values('86493', '780', '2', 'Spring', 2001, 'A+');
insert into takes values('2547', '150', '3', 'Spring', 2001, 'B ');
insert into takes values('17100', '146', '3', 'Spring', 2010, 'B ');
insert into takes values('11393', '365', '2', 'Fall', 2002, 'A+');
insert into takes values('34352', '318', '3', 'Spring', 2004, 'C+');
insert into takes values('14545', '965', '1', 'Fall', 2002, 'A-');
insert into takes values('60505', '146', '2', 'Spring', 2001, 'A-');
insert into takes values('98444', '318', '1', 'Spring', 2008, 'B-');
insert into takes values('85596', '146', '5', 'Fall', 2007, 'C ');
insert into takes values('85596', '417', '3', 'Fall', 2007, 'B+');
insert into takes values('4286', '573', '3', 'Spring', 2005, 'C+');
insert into takes values('89841', '150', '1', 'Spring', 2005, 'B+');
insert into takes values('84394', '446', '1', 'Fall', 2001, 'A+');
insert into takes values('9771', '693', '2', 'Spring', 2009, 'C+');
insert into takes values('79607', '404', '7', 'Spring', 2008, 'A ');
insert into takes values('44030', '254', '1', 'Fall', 2005, 'A+');
insert into takes values('63361', '918', '8', 'Spring', 2003, 'C+');
insert into takes values('73303', '643', '3', 'Fall', 2001, 'C-');
insert into takes values('51258', '735', '4', 'Spring', 2001, 'A ');
insert into takes values('26390', '146', '6', 'Spring', 2009, 'A ');
insert into takes values('4003', '965', '2', 'Spring', 2010, 'B-');
insert into takes values('1048', '753', '6', 'Fall', 2005, 'A ');
insert into takes values('48434', '294', '1', 'Fall', 2008, 'A+');
insert into takes values('66617', '293', '1', 'Spring', 2008, 'B-');
insert into takes values('85766', '693', '3', 'Fall', 2005, 'A ');
insert into takes values('98444', '809', '2', 'Fall', 2010, 'A-');
insert into takes values('69205', '549', '1', 'Spring', 2001, 'A+');
insert into takes values('85863', '573', '2', 'Fall', 2003, 'B+');
insert into takes values('49247', '241', '1', 'Spring', 2006, 'B-');
insert into takes values('74861', '106', '1', 'Spring', 2003, 'A ');
insert into takes values('41259', '723', '2', 'Spring', 2003, 'B ');
insert into takes values('29767', '753', '8', 'Spring', 2007, 'C ');
insert into takes values('48434', '216', '1', 'Spring', 2006, 'C-');
insert into takes values('67355', '897', '1', 'Fall', 2006, 'C ');
insert into takes values('86515', '293', '5', 'Fall', 2002, 'B+');
insert into takes values('85838', '364', '3', 'Spring', 2004, 'A ');
insert into takes values('74730', '899', '1', 'Fall', 2001, 'A+');
insert into takes values('74808', '580', '2', 'Spring', 2004, 'C-');
insert into takes values('84394', '293', '7', 'Spring', 2003, 'B-');
insert into takes values('90974', '404', '6', 'Spring', 2003, 'C ');
insert into takes values('90001', '293', '6', 'Fall', 2007, 'C+');
insert into takes values('17805', '753', '2', 'Fall', 2002, 'C ');
insert into takes values('79587', '580', '2', 'Spring', 2004, 'B-');
insert into takes values('77827', '897', '1', 'Fall', 2006, 'A ');
insert into takes values('10593', '902', '5', 'Spring', 2003, 'C-');
insert into takes values('85838', '918', '6', 'Fall', 2010, 'B+');
insert into takes values('73303', '365', '2', 'Fall', 2002, 'A+');
insert into takes values('69205', '293', '6', 'Fall', 2007, 'A-');
insert into takes values('10719', '460', '2', 'Fall', 2005, 'B ');
insert into takes values('84120', '735', '3', 'Fall', 2004, 'A+');
insert into takes values('6641', '150', '3', 'Spring', 2001, 'A+');
insert into takes values('29330', '417', '4', 'Fall', 2001, 'C+');
insert into takes values('7182', '404', '5', 'Spring', 2007, 'C ');
insert into takes values('27219', '216', '2', 'Spring', 2006, 'A-');
insert into takes values('17742', '693', '4', 'Spring', 2008, 'A+');
insert into takes values('20568', '735', '1', 'Fall', 2002, 'A ');
insert into takes values('7718', '253', '1', 'Spring', 2007, 'C ');
insert into takes values('53738', '902', '2', 'Fall', 2006, 'C ');
insert into takes values('90974', '723', '3', 'Fall', 2006, 'B+');
insert into takes values('18162', '723', '2', 'Spring', 2003, 'A-');
insert into takes values('8213', '294', '2', 'Spring', 2009, 'A-');
insert into takes values('18394', '282', '2', 'Spring', 2002, 'A-');
insert into takes values('49247', '603', '1', 'Spring', 2004, 'B ');
insert into takes values('68881', '918', '5', 'Spring', 2009, 'B-');
insert into takes values('77827', '964', '2', 'Fall', 2001, 'C+');
insert into takes values('29686', '735', '3', 'Fall', 2004, 'C+');
insert into takes values('58428', '286', '1', 'Spring', 2007, 'B ');
insert into takes values('23333', '293', '4', 'Spring', 2009, 'B+');
insert into takes values('93644', '753', '7', 'Fall', 2005, 'A-');
insert into takes values('74310', '643', '5', 'Spring', 2004, 'C-');
insert into takes values('73323', '293', '7', 'Spring', 2003, 'B+');
insert into takes values('10593', '106', '2', 'Spring', 2008, 'C+');
insert into takes values('79680', '460', '8', 'Spring', 2002, 'C ');
insert into takes values('18564', '724', '1', 'Spring', 2004, 'C-');
insert into takes values('27146', '106', '4', 'Fall', 2005, 'B ');
insert into takes values('36518', '965', '3', 'Spring', 2004, 'B ');
insert into takes values('74730', '106', '3', 'Fall', 2009, 'C+');
insert into takes values('11054', '656', '4', 'Spring', 2005, 'B-');
insert into takes values('62610', '656', '4', 'Spring', 2005, 'B+');
insert into takes values('49462', '821', '1', 'Fall', 2004, 'A-');
insert into takes values('21874', '460', '3', 'Fall', 2005, 'C-');
insert into takes values('26390', '964', '3', 'Spring', 2001, 'C ');
insert into takes values('86095', '964', '4', 'Fall', 2004, 'B ');
insert into takes values('10719', '603', '2', 'Spring', 2001, 'A+');
insert into takes values('73323', '693', '4', 'Spring', 2008, 'A ');
insert into advisor values('74897', '74400');
insert into advisor values('78242', '49587');
insert into advisor values('44030', '37494');
insert into advisor values('8546', '30911');
insert into advisor values('53167', '64001');
insert into advisor values('44903', '78722');
insert into advisor values('18564', '16135');
insert into advisor values('80437', '49587');
insert into advisor values('69205', '18538');
insert into advisor values('50665', '30172');
insert into advisor values('71638', '86873');
insert into advisor values('5853', '72262');
insert into advisor values('8213', '88229');
insert into advisor values('82819', '75646');
insert into advisor values('24631', '78722');
insert into advisor values('75110', '31974');
insert into advisor values('79680', '18130');
insert into advisor values('11054', '5462');
insert into advisor values('15178', '36204');
insert into advisor values('28922', '32621');
insert into advisor values('6922', '6137');
insert into advisor values('94309', '74400');
insert into advisor values('34352', '74702');
insert into advisor values('4003', '16135');
insert into advisor values('19781', '42809');
insert into advisor values('79587', '55166');
insert into advisor values('52396', '74344');
insert into advisor values('98444', '75034');
insert into advisor values('29699', '31827');
insert into advisor values('64353', '4202');
insert into advisor values('24065', '55166');
insert into advisor values('60479', '57654');
insert into advisor values('81303', '84288');
insert into advisor values('36124', '32621');
insert into advisor values('6641', '19936');
insert into advisor values('85863', '84288');
insert into advisor values('38004', '86873');
insert into advisor values('35372', '99497');
insert into advisor values('65663', '89901');
insert into advisor values('18351', '75583');
insert into advisor values('97324', '37494');
insert into advisor values('62605', '64001');
insert into advisor values('86637', '27735');
insert into advisor values('96672', '5462');
insert into advisor values('90001', '32649');
insert into advisor values('66617', '75034');
insert into advisor values('89470', '88106');
insert into advisor values('678', '88395');
insert into advisor values('49462', '49539');
insert into advisor values('11179', '17173');
insert into advisor values('47860', '64001');
insert into advisor values('67402', '18330');
insert into advisor values('80237', '99497');
insert into advisor values('49949', '81505');
insert into advisor values('48434', '61520');
insert into advisor values('84120', '60160');
insert into advisor values('53738', '89901');
insert into advisor values('63146', '31906');
insert into advisor values('60730', '92185');
insert into advisor values('21914', '64573');
insert into advisor values('67198', '31974');
insert into advisor values('93003', '86873');
insert into advisor values('85838', '31906');
insert into advisor values('29722', '81505');
insert into advisor values('88860', '27735');
insert into advisor values('28092', '89901');
insert into advisor values('29330', '6854');
insert into advisor values('53955', '74702');
insert into advisor values('79607', '18631');
insert into advisor values('93336', '5462');
insert into advisor values('51496', '75034');
insert into advisor values('49247', '95050');
insert into advisor values('74176', '27735');
insert into advisor values('72215', '99535');
insert into advisor values('4370', '31906');
insert into advisor values('19961', '88395');
insert into advisor values('6827', '66586');
insert into advisor values('12662', '37494');
insert into advisor values('34035', '77123');
insert into advisor values('97948', '89901');
insert into advisor values('84394', '19936');
insert into advisor values('97519', '63475');
insert into advisor values('28429', '38995');
insert into advisor values('92721', '75034');
insert into advisor values('2608', '18130');
insert into advisor values('58428', '99535');
insert into advisor values('162', '55166');
insert into advisor values('86532', '28966');
insert into advisor values('17742', '72262');
insert into advisor values('53975', '46939');
insert into advisor values('26390', '30806');
insert into advisor values('8926', '11602');
insert into advisor values('74808', '11032');
insert into advisor values('67355', '31974');
insert into advisor values('9771', '32649');
insert into advisor values('19563', '5462');
insert into advisor values('896', '66586');
insert into advisor values('2563', '96099');
insert into advisor values('58978', '28816');
insert into advisor values('75701', '84288');
insert into advisor values('1048', '80045');
insert into advisor values('27146', '57654');
insert into advisor values('56256', '61520');
insert into advisor values('85766', '37722');
insert into advisor values('27219', '8910');
insert into advisor values('76680', '4202');
insert into advisor values('74310', '4202');
insert into advisor values('71017', '23984');
insert into advisor values('15876', '30172');
insert into advisor values('18394', '31974');
insert into advisor values('918', '81505');
insert into advisor values('25704', '99497');
insert into advisor values('86493', '24096');
insert into advisor values('27129', '31974');
insert into advisor values('55252', '45559');
insert into advisor values('55918', '42666');
insert into advisor values('93040', '89901');
insert into advisor values('27361', '4202');
insert into advisor values('81633', '15766');
insert into advisor values('33126', '31906');
insert into advisor values('75120', '96099');
insert into advisor values('75', '72262');
insert into advisor values('46561', '14877');
insert into advisor values('60505', '23984');
insert into advisor values('11856', '42809');
insert into advisor values('62610', '75034');
insert into advisor values('99253', '42809');
insert into advisor values('86515', '18453');
insert into advisor values('97826', '88229');
insert into advisor values('49521', '61520');
insert into advisor values('63361', '74702');
insert into advisor values('34557', '75646');
insert into advisor values('20568', '60787');
insert into advisor values('42498', '27735');
insert into advisor values('60038', '75583');
insert into advisor values('77827', '88229');
insert into advisor values('773', '31827');
insert into advisor values('80863', '97353');
insert into advisor values('42920', '17173');
insert into advisor values('35439', '31827');
insert into advisor values('16508', '28816');
insert into advisor values('19236', '99497');
insert into advisor values('81352', '49539');
insert into advisor values('73323', '22542');
insert into advisor values('45230', '96099');
insert into advisor values('96266', '74702');
insert into advisor values('16138', '10268');
insert into advisor values('84418', '22542');
insert into advisor values('6895', '36204');
insert into advisor values('75693', '30806');
insert into advisor values('86095', '46939');
insert into advisor values('4286', '95891');
insert into advisor values('14545', '72262');
insert into advisor values('36518', '63475');
insert into advisor values('51258', '54371');
insert into advisor values('74730', '38275');
insert into advisor values('71975', '42809');
insert into advisor values('22288', '49587');
insert into advisor values('25806', '86811');
insert into advisor values('89841', '32621');
insert into advisor values('25186', '42666');
insert into advisor values('61189', '15174');
insert into advisor values('33646', '42691');
insert into advisor values('29820', '72262');
insert into advisor values('54070', '24096');
insert into advisor values('19457', '6854');
insert into advisor values('10747', '77123');
insert into advisor values('73303', '45559');
insert into advisor values('91221', '54371');
insert into advisor values('90685', '75646');
insert into advisor values('39800', '18130');
insert into advisor values('17100', '10556');
insert into advisor values('18162', '42691');
insert into advisor values('65621', '10556');
insert into advisor values('68648', '86873');
insert into advisor values('23333', '80045');
insert into advisor values('90974', '63475');
insert into advisor values('33762', '38995');
insert into advisor values('7182', '42809');
insert into advisor values('93644', '5343');
insert into advisor values('74861', '32621');
insert into advisor values('10719', '31827');
insert into advisor values('41259', '37494');
insert into advisor values('17805', '42666');
insert into advisor values('68881', '64001');
insert into advisor values('29767', '18330');
insert into advisor values('52994', '37722');
insert into advisor values('21874', '75646');
insert into advisor values('85596', '75646');
insert into advisor values('2547', '33733');
insert into advisor values('29686', '89901');
insert into advisor values('86822', '37494');
insert into advisor values('10593', '18631');
insert into advisor values('27296', '74702');
insert into advisor values('88777', '10268');
insert into advisor values('70002', '27735');
insert into advisor values('50323', '28966');
insert into advisor values('7718', '23984');
insert into advisor values('26590', '80045');
insert into advisor values('11393', '61520');
insert into prereq values('364', '216');
insert into prereq values('294', '965');
insert into prereq values('603', '897');
insert into prereq values('902', '460');
insert into prereq values('321', '286');
insert into prereq values('293', '965');
insert into prereq values('489', '815');
insert into prereq values('293', '724');
insert into prereq values('404', '491');
insert into prereq values('792', '603');
insert into prereq values('549', '580');
insert into prereq values('918', '241');
insert into prereq values('964', '815');
insert into prereq values('918', '573');
insert into prereq values('821', '723');
insert into prereq values('723', '815');
insert into prereq values('178', '253');
insert into prereq values('321', '216');
insert into prereq values('304', '446');
insert into prereq values('573', '364');
insert into prereq values('792', '792');
insert into prereq values('366', '150');
insert into prereq values('656', '549');
insert into prereq values('366', '965');
insert into prereq values('364', '897');
insert into prereq values('603', '603');
insert into prereq values('643', '792');
insert into prereq values('293', '693');
insert into prereq values('792', '491');
insert into prereq values('404', '241');
insert into prereq values('286', '318');
insert into prereq values('693', '693');
insert into prereq values('693', '366');
insert into prereq values('789', '844');
insert into prereq values('282', '735');
insert into prereq values('573', '366');
insert into prereq values('580', '150');
insert into prereq values('150', '150');
insert into prereq values('753', '753');
insert into prereq values('723', '643');
insert into prereq values('580', '282');
insert into prereq values('723', '460');
insert into prereq values('282', '897');
insert into prereq values('632', '241');
insert into prereq values('918', '293');
insert into prereq values('293', '723');
insert into prereq values('366', '821');
insert into prereq values('792', '693');
insert into prereq values('460', '321');
insert into prereq values('792', '446');
insert into prereq values('693', '286');
insert into prereq values('365', '897');
insert into prereq values('656', '321');
insert into prereq values('293', '446');
insert into prereq values('321', '446');
insert into prereq values('178', '321');
insert into prereq values('294', '417');
insert into prereq values('365', '693');
insert into prereq values('965', '964');
insert into prereq values('364', '150');
insert into prereq values('241', '632');
insert into prereq values('491', '460');
insert into prereq values('366', '732');
insert into prereq values('844', '789');
insert into prereq values('732', '365');
insert into prereq values('580', '603');
insert into prereq values('216', '216');
insert into prereq values('789', '724');
insert into prereq values('365', '789');
insert into prereq values('643', '254');
insert into prereq values('404', '844');
insert into prereq values('304', '293');
insert into prereq values('603', '150');
insert into prereq values('549', '780');
insert into prereq values('404', '603');
insert into prereq values('404', '549');
insert into prereq values('304', '732');
insert into prereq values('491', '792');
insert into prereq values('735', '693');
insert into prereq values('253', '286');
insert into prereq values('809', '580');
insert into prereq values('146', '732');
insert into prereq values('321', '404');
insert into prereq values('723', '724');
insert into prereq values('549', '792');
insert into prereq values('491', '732');
insert into prereq values('789', '643');
insert into prereq values('549', '460');
insert into prereq values('294', '723');
insert into prereq values('491', '693');
insert into prereq values('460', '732');
insert into prereq values('446', '253');
insert into prereq values('902', '253');
insert into prereq values('489', '899');
insert into prereq values('753', '304');
insert into prereq values('821', '918');
insert into prereq values('491', '286');
insert into prereq values('318', '899');
insert into prereq values('815', '253');
insert into prereq values('446', '491');
