insert into classroom values('a8', 902, 85);
insert into classroom values('a1', 467, 23);
insert into classroom values('a6', 715, 29);
insert into classroom values('a1', 506, 10);
insert into classroom values('a3', 873, 36);
insert into classroom values('a3', 617, 95);
insert into classroom values('a7', 692, 10);
insert into classroom values('a2', 505, 21);
insert into classroom values('a5', 922, 38);
insert into classroom values('a9', 867, 34);
insert into department values('d5', 'a7', 839112.81);
insert into department values('d6', 'a2', 449795.03);
insert into department values('d3', 'a8', 491520.45);
insert into department values('d8', 'a5', 40876.88);
insert into department values('d1', 'a3', 696867.90);
insert into department values('d2', 'a8', 784323.50);
insert into department values('d4', 'a7', 402198.63);
insert into department values('d9', 'a2', 139561.57);
insert into department values('d7', 'a8', 404720.38);
insert into department values('d10', 'a1', 120106.40);
insert into course values('580', 'c6', 'd9', 4);
insert into course values('877', 'c2', 'd4', 3);
insert into course values('150', 'c1', 'd8', 3);
insert into course values('205', 'c5', 'd4', 3);
insert into course values('573', 'c5', 'd7', 3);
insert into course values('683', 'c10', 'd1', 4);
insert into course values('933', 'c9', 'd7', 3);
insert into course values('122', 'c2', 'd5', 4);
insert into course values('722', 'c8', 'd4', 4);
insert into course values('375', 'c10', 'd7', 4);
insert into course values('469', 'c7', 'd2', 3);
insert into course values('134', 'c6', 'd4', 3);
insert into course values('980', 'c3', 'd10', 4);
insert into course values('710', 'c2', 'd7', 3);
insert into course values('328', 'c6', 'd8', 4);
insert into course values('903', 'c3', 'd5', 3);
insert into course values('885', 'c9', 'd7', 3);
insert into course values('578', 'c6', 'd3', 4);
insert into course values('125', 'c6', 'd5', 4);
insert into course values('551', 'c9', 'd8', 3);
insert into course values('111', 'c7', 'd10', 4);
insert into course values('280', 'c4', 'd5', 4);
insert into course values('794', 'c5', 'd5', 4);
insert into course values('466', 'c3', 'd8', 4);
insert into course values('307', 'c10', 'd1', 3);
insert into course values('813', 'c1', 'd5', 3);
insert into course values('406', 'c9', 'd4', 3);
insert into course values('282', 'c9', 'd3', 3);
insert into course values('660', 'c8', 'd3', 4);
insert into course values('324', 'c9', 'd5', 4);
insert into course values('171', 'c7', 'd10', 3);
insert into course values('133', 'c10', 'd5', 4);
insert into course values('899', 'c6', 'd5', 3);
insert into course values('191', 'c7', 'd8', 4);
insert into course values('802', 'c4', 'd3', 3);
insert into course values('930', 'c6', 'd2', 3);
insert into course values('430', 'c2', 'd4', 3);
insert into course values('969', 'c1', 'd3', 3);
insert into course values('675', 'c9', 'd5', 3);
insert into course values('902', 'c3', 'd7', 3);
insert into course values('843', 'c4', 'd6', 3);
insert into course values('412', 'c8', 'd6', 3);
insert into course values('350', 'c3', 'd9', 4);
insert into course values('465', 'c7', 'd7', 3);
insert into course values('384', 'c2', 'd8', 3);
insert into course values('543', 'c3', 'd10', 4);
insert into course values('472', 'c3', 'd6', 3);
insert into course values('947', 'c6', 'd9', 3);
insert into course values('967', 'c8', 'd3', 3);
insert into course values('367', 'c5', 'd6', 3);
insert into instructor values('81368', 'e6', 'd1', 127154.85);
insert into instructor values('63942', 'e1', 'd2', 51094.51);
insert into instructor values('85476', 'e9', 'd1', 68986.19);
insert into instructor values('3922', 'e5', 'd2', 103783.06);
insert into instructor values('62342', 'e1', 'd6', 95683.07);
insert into instructor values('43641', 'e7', 'd9', 116871.55);
insert into instructor values('16625', 'e2', 'd1', 88217.50);
insert into instructor values('88971', 'e6', 'd1', 100399.61);
insert into instructor values('7236', 'e10', 'd1', 106198.49);
insert into instructor values('88677', 'e1', 'd5', 76629.38);
insert into instructor values('38185', 'e8', 'd8', 48956.54);
insert into instructor values('83181', 'e3', 'd1', 126244.26);
insert into instructor values('80467', 'e2', 'd3', 66837.95);
insert into instructor values('48818', 'e7', 'd4', 67974.53);
insert into instructor values('55261', 'e7', 'd3', 54596.98);
insert into instructor values('72526', 'e9', 'd7', 125461.28);
insert into instructor values('16207', 'e5', 'd1', 40902.32);
insert into instructor values('55365', 'e10', 'd10', 106361.86);
insert into instructor values('94074', 'e10', 'd6', 73228.73);
insert into instructor values('11909', 'e8', 'd4', 43016.21);
insert into instructor values('7000', 'e8', 'd6', 85783.25);
insert into instructor values('42822', 'e8', 'd5', 121435.00);
insert into instructor values('91727', 'e3', 'd5', 29619.51);
insert into instructor values('62057', 'e2', 'd2', 55936.77);
insert into instructor values('21805', 'e7', 'd1', 38722.31);
insert into instructor values('65019', 'e10', 'd4', 50452.91);
insert into instructor values('19338', 'e1', 'd8', 103599.07);
insert into instructor values('18352', 'e7', 'd6', 124335.29);
insert into instructor values('33642', 'e10', 'd2', 124792.88);
insert into instructor values('18218', 'e9', 'd2', 70443.37);
insert into instructor values('54490', 'e5', 'd2', 122736.59);
insert into instructor values('43409', 'e4', 'd8', 56353.30);
insert into instructor values('28689', 'e7', 'd5', 87495.69);
insert into instructor values('55257', 'e4', 'd7', 75723.76);
insert into instructor values('30094', 'e5', 'd6', 62201.93);
insert into instructor values('91777', 'e2', 'd2', 106168.77);
insert into instructor values('2429', 'e2', 'd6', 67358.46);
insert into instructor values('61424', 'e1', 'd4', 32430.01);
insert into instructor values('46356', 'e3', 'd2', 89701.27);
insert into instructor values('60280', 'e2', 'd4', 49206.83);
insert into instructor values('71023', 'e3', 'd9', 78930.29);
insert into instructor values('81461', 'e7', 'd2', 66694.16);
insert into instructor values('61946', 'e8', 'd2', 118377.99);
insert into instructor values('48908', 'e8', 'd1', 103694.40);
insert into instructor values('47205', 'e5', 'd10', 61561.52);
insert into instructor values('97646', 'e4', 'd4', 68111.26);
insert into instructor values('33134', 'e3', 'd9', 55569.11);
insert into instructor values('38420', 'e2', 'd4', 92699.48);
insert into instructor values('67037', 'e5', 'd3', 104359.55);
insert into instructor values('70050', 'e10', 'd3', 115136.19);
insert into instructor values('51265', 'e2', 'd2', 60308.17);
insert into instructor values('95046', 'e6', 'd7', 65795.68);
insert into instructor values('56789', 'e2', 'd1', 70711.32);
insert into instructor values('97079', 'e9', 'd7', 54051.06);
insert into instructor values('11167', 'e7', 'd9', 47465.02);
insert into instructor values('32024', 'e9', 'd6', 124492.59);
insert into instructor values('68077', 'e9', 'd2', 72763.12);
insert into instructor values('85716', 'e8', 'd4', 88143.74);
insert into instructor values('824', 'e6', 'd8', 101413.21);
insert into instructor values('31137', 'e3', 'd4', 120572.70);
insert into instructor values('83426', 'e2', 'd10', 71248.26);
insert into instructor values('13151', 'e4', 'd2', 58738.25);
insert into instructor values('99289', 'e2', 'd3', 87115.57);
insert into instructor values('14040', 'e1', 'd1', 121475.38);
insert into instructor values('71027', 'e9', 'd1', 101053.21);
insert into instructor values('72671', 'e4', 'd8', 124717.55);
insert into instructor values('57138', 'e1', 'd4', 71518.72);
insert into instructor values('71891', 'e2', 'd7', 61868.65);
insert into instructor values('72928', 'e10', 'd10', 47913.01);
insert into instructor values('18522', 'e5', 'd9', 72179.42);
insert into instructor values('95185', 'e4', 'd3', 93146.92);
insert into instructor values('86792', 'e10', 'd10', 125549.27);
insert into instructor values('8869', 'e8', 'd3', 126626.35);
insert into instructor values('6071', 'e1', 'd4', 110865.96);
insert into instructor values('57700', 'e7', 'd8', 42786.09);
insert into instructor values('26190', 'e4', 'd6', 126811.91);
insert into instructor values('74690', 'e8', 'd5', 36181.14);
insert into instructor values('69341', 'e5', 'd3', 39007.48);
insert into instructor values('70650', 'e3', 'd3', 43148.49);
insert into instructor values('22044', 'e10', 'd10', 85427.81);
insert into instructor values('41077', 'e6', 'd8', 92180.98);
insert into instructor values('19345', 'e1', 'd10', 83221.22);
insert into instructor values('53442', 'e4', 'd10', 40408.82);
insert into instructor values('55848', 'e5', 'd6', 114373.81);
insert into instructor values('6109', 'e9', 'd4', 61963.46);
insert into instructor values('69146', 'e9', 'd7', 45105.77);
insert into instructor values('18666', 'e1', 'd2', 45502.15);
insert into instructor values('35849', 'e5', 'd1', 64452.19);
insert into instructor values('34744', 'e7', 'd6', 52800.54);
insert into instructor values('59936', 'e9', 'd1', 111171.48);
insert into instructor values('1087', 'e10', 'd1', 88074.59);
insert into instructor values('62068', 'e8', 'd6', 94941.98);
insert into instructor values('27684', 'e9', 'd3', 128571.98);
insert into instructor values('62919', 'e3', 'd3', 107747.86);
insert into instructor values('35602', 'e10', 'd3', 70977.05);
insert into instructor values('60129', 'e6', 'd6', 64422.47);
insert into instructor values('80129', 'e3', 'd6', 55302.23);
insert into instructor values('17175', 'e4', 'd9', 107508.31);
insert into instructor values('69105', 'e6', 'd10', 38192.91);
insert into instructor values('68487', 'e6', 'd9', 60909.36);
insert into section values('384', '1', 'Spring', 2005, 'a9', '867', 'F');
insert into section values('191', '1', 'Fall', 2002, 'a6', '715', 'N');
insert into section values('899', '1', 'Spring', 2001, 'a2', '505', 'C');
insert into section values('111', '1', 'Fall', 2006, 'a3', '617', 'B');
insert into section values('472', '1', 'Fall', 2001, 'a3', '617', 'I');
insert into section values('967', '1', 'Spring', 2010, 'a3', '617', 'D');
insert into section values('885', '1', 'Spring', 2007, 'a3', '617', 'G');
insert into section values('466', '1', 'Fall', 2001, 'a7', '692', 'K');
insert into section values('947', '1', 'Fall', 2008, 'a7', '692', 'J');
insert into section values('307', '1', 'Fall', 2001, 'a3', '873', 'K');
insert into section values('133', '1', 'Fall', 2009, 'a3', '873', 'M');
insert into section values('469', '1', 'Spring', 2001, 'a3', '873', 'H');
insert into section values('350', '1', 'Fall', 2002, 'a1', '467', 'K');
insert into section values('899', '2', 'Fall', 2005, 'a9', '867', 'F');
insert into section values('282', '1', 'Spring', 2004, 'a7', '692', 'H');
insert into section values('551', '1', 'Spring', 2003, 'a5', '922', 'A');
insert into section values('367', '1', 'Spring', 2007, 'a6', '715', 'K');
insert into section values('375', '1', 'Fall', 2003, 'a1', '506', 'P');
insert into section values('980', '1', 'Spring', 2007, 'a9', '867', 'B');
insert into section values('877', '1', 'Fall', 2010, 'a1', '467', 'O');
insert into section values('573', '1', 'Fall', 2003, 'a9', '867', 'K');
insert into section values('899', '3', 'Fall', 2001, 'a9', '867', 'O');
insert into section values('902', '1', 'Fall', 2003, 'a7', '692', 'J');
insert into section values('125', '1', 'Fall', 2009, 'a6', '715', 'C');
insert into section values('980', '2', 'Spring', 2001, 'a5', '922', 'D');
insert into section values('902', '2', 'Spring', 2002, 'a5', '922', 'H');
insert into section values('122', '1', 'Spring', 2004, 'a6', '715', 'N');
insert into section values('843', '1', 'Spring', 2007, 'a1', '506', 'O');
insert into section values('122', '2', 'Fall', 2006, 'a6', '715', 'D');
insert into section values('802', '1', 'Spring', 2009, 'a3', '617', 'F');
insert into section values('899', '4', 'Fall', 2007, 'a9', '867', 'M');
insert into section values('902', '3', 'Spring', 2006, 'a5', '922', 'A');
insert into section values('710', '1', 'Spring', 2005, 'a3', '617', 'P');
insert into section values('573', '2', 'Spring', 2003, 'a6', '715', 'J');
insert into section values('551', '2', 'Fall', 2005, 'a5', '922', 'F');
insert into section values('969', '1', 'Fall', 2002, 'a1', '506', 'N');
insert into section values('465', '1', 'Spring', 2010, 'a2', '505', 'D');
insert into section values('675', '1', 'Fall', 2002, 'a6', '715', 'K');
insert into section values('843', '2', 'Spring', 2009, 'a3', '873', 'M');
insert into section values('903', '1', 'Fall', 2004, 'a3', '617', 'F');
insert into section values('722', '1', 'Fall', 2010, 'a2', '505', 'A');
insert into section values('675', '2', 'Fall', 2004, 'a1', '506', 'H');
insert into section values('412', '1', 'Fall', 2006, 'a6', '715', 'I');
insert into section values('902', '4', 'Spring', 2010, 'a1', '506', 'I');
insert into section values('134', '1', 'Spring', 2010, 'a7', '692', 'J');
insert into section values('412', '2', 'Spring', 2002, 'a3', '873', 'G');
insert into section values('280', '1', 'Spring', 2004, 'a3', '873', 'B');
insert into section values('933', '1', 'Spring', 2006, 'a3', '873', 'I');
insert into section values('947', '2', 'Spring', 2006, 'a3', '873', 'P');
insert into section values('125', '2', 'Spring', 2010, 'a1', '506', 'F');
insert into section values('384', '2', 'Spring', 2006, 'a1', '467', 'D');
insert into section values('465', '2', 'Fall', 2003, 'a2', '505', 'B');
insert into section values('350', '2', 'Spring', 2010, 'a8', '902', 'M');
insert into section values('930', '1', 'Fall', 2007, 'a2', '505', 'E');
insert into section values('125', '3', 'Fall', 2003, 'a1', '467', 'K');
insert into section values('660', '1', 'Fall', 2010, 'a5', '922', 'A');
insert into section values('191', '2', 'Fall', 2008, 'a2', '505', 'G');
insert into section values('430', '1', 'Spring', 2006, 'a5', '922', 'M');
insert into section values('367', '2', 'Spring', 2007, 'a5', '922', 'G');
insert into section values('877', '2', 'Fall', 2002, 'a1', '467', 'D');
insert into section values('543', '1', 'Spring', 2001, 'a1', '467', 'H');
insert into section values('465', '3', 'Fall', 2002, 'a2', '505', 'I');
insert into section values('469', '2', 'Spring', 2009, 'a1', '467', 'N');
insert into section values('683', '1', 'Spring', 2009, 'a7', '692', 'B');
insert into section values('843', '3', 'Spring', 2009, 'a3', '617', 'F');
insert into section values('328', '1', 'Spring', 2007, 'a3', '617', 'A');
insert into section values('133', '2', 'Fall', 2009, 'a1', '506', 'N');
insert into section values('551', '3', 'Fall', 2008, 'a1', '506', 'D');
insert into section values('675', '3', 'Spring', 2007, 'a2', '505', 'N');
insert into section values('367', '3', 'Spring', 2003, 'a3', '873', 'K');
insert into section values('813', '1', 'Spring', 2001, 'a3', '873', 'K');
insert into section values('466', '2', 'Fall', 2003, 'a7', '692', 'C');
insert into section values('903', '2', 'Fall', 2008, 'a3', '873', 'M');
insert into section values('466', '3', 'Spring', 2007, 'a7', '692', 'N');
insert into section values('722', '2', 'Fall', 2001, 'a1', '506', 'L');
insert into section values('350', '3', 'Spring', 2002, 'a2', '505', 'M');
insert into section values('843', '4', 'Fall', 2008, 'a6', '715', 'L');
insert into section values('947', '3', 'Spring', 2003, 'a8', '902', 'N');
insert into section values('580', '1', 'Fall', 2005, 'a1', '467', 'D');
insert into section values('578', '1', 'Fall', 2003, 'a7', '692', 'F');
insert into section values('899', '5', 'Spring', 2004, 'a7', '692', 'A');
insert into section values('430', '2', 'Spring', 2007, 'a2', '505', 'O');
insert into section values('472', '2', 'Spring', 2010, 'a2', '505', 'D');
insert into section values('802', '2', 'Spring', 2001, 'a6', '715', 'D');
insert into section values('191', '3', 'Fall', 2006, 'a1', '506', 'H');
insert into section values('412', '3', 'Spring', 2002, 'a3', '617', 'C');
insert into section values('205', '1', 'Spring', 2009, 'a7', '692', 'H');
insert into section values('802', '3', 'Fall', 2008, 'a5', '922', 'N');
insert into section values('472', '3', 'Spring', 2007, 'a3', '873', 'A');
insert into section values('843', '5', 'Spring', 2010, 'a1', '467', 'B');
insert into section values('328', '2', 'Fall', 2004, 'a8', '902', 'N');
insert into section values('134', '2', 'Fall', 2008, 'a1', '506', 'E');
insert into section values('675', '4', 'Fall', 2001, 'a9', '867', 'C');
insert into section values('902', '5', 'Spring', 2006, 'a8', '902', 'L');
insert into section values('967', '2', 'Fall', 2002, 'a3', '617', 'M');
insert into section values('466', '4', 'Fall', 2003, 'a1', '506', 'H');
insert into section values('543', '2', 'Fall', 2009, 'a8', '902', 'N');
insert into section values('466', '5', 'Spring', 2001, 'a1', '467', 'C');
insert into section values('543', '3', 'Spring', 2009, 'a3', '617', 'P');
insert into section values('384', '3', 'Fall', 2001, 'a3', '617', 'L');
insert into section values('899', '6', 'Fall', 2007, 'a1', '467', 'P');
insert into section values('282', '2', 'Spring', 2005, 'a2', '505', 'A');
insert into section values('902', '6', 'Spring', 2006, 'a7', '692', 'B');
insert into section values('933', '2', 'Spring', 2006, 'a9', '867', 'F');
insert into section values('813', '2', 'Spring', 2003, 'a7', '692', 'K');
insert into section values('384', '4', 'Fall', 2009, 'a1', '467', 'C');
insert into section values('877', '3', 'Fall', 2008, 'a8', '902', 'P');
insert into section values('903', '3', 'Fall', 2010, 'a1', '467', 'H');
insert into section values('543', '4', 'Fall', 2001, 'a2', '505', 'H');
insert into section values('710', '2', 'Fall', 2003, 'a5', '922', 'B');
insert into section values('430', '3', 'Fall', 2010, 'a9', '867', 'L');
insert into section values('134', '3', 'Spring', 2003, 'a8', '902', 'H');
insert into section values('191', '4', 'Fall', 2003, 'a9', '867', 'B');
insert into section values('150', '1', 'Spring', 2005, 'a2', '505', 'L');
insert into section values('902', '7', 'Fall', 2002, 'a6', '715', 'E');
insert into section values('133', '3', 'Fall', 2006, 'a1', '467', 'P');
insert into section values('367', '4', 'Spring', 2002, 'a6', '715', 'L');
insert into section values('171', '1', 'Fall', 2005, 'a8', '902', 'G');
insert into section values('384', '5', 'Fall', 2007, 'a1', '467', 'B');
insert into section values('967', '3', 'Spring', 2004, 'a3', '873', 'M');
insert into section values('205', '2', 'Spring', 2001, 'a8', '902', 'A');
insert into section values('710', '3', 'Fall', 2007, 'a1', '506', 'D');
insert into section values('543', '5', 'Fall', 2001, 'a3', '617', 'F');
insert into section values('125', '4', 'Fall', 2003, 'a6', '715', 'E');
insert into section values('280', '2', 'Fall', 2004, 'a5', '922', 'B');
insert into section values('191', '5', 'Fall', 2002, 'a1', '467', 'F');
insert into section values('899', '7', 'Fall', 2001, 'a1', '467', 'P');
insert into section values('367', '5', 'Fall', 2001, 'a8', '902', 'E');
insert into section values('903', '4', 'Spring', 2003, 'a1', '467', 'N');
insert into section values('430', '4', 'Spring', 2005, 'a1', '467', 'J');
insert into section values('280', '3', 'Spring', 2003, 'a8', '902', 'O');
insert into section values('430', '5', 'Spring', 2005, 'a3', '873', 'H');
insert into section values('205', '3', 'Fall', 2002, 'a6', '715', 'I');
insert into section values('722', '3', 'Spring', 2007, 'a3', '873', 'K');
insert into section values('412', '4', 'Fall', 2005, 'a3', '873', 'M');
insert into section values('710', '4', 'Spring', 2002, 'a6', '715', 'K');
insert into section values('813', '3', 'Fall', 2002, 'a3', '617', 'F');
insert into section values('282', '3', 'Fall', 2009, 'a1', '506', 'I');
insert into section values('430', '6', 'Spring', 2001, 'a2', '505', 'B');
insert into section values('573', '3', 'Spring', 2001, 'a6', '715', 'O');
insert into section values('367', '6', 'Spring', 2007, 'a1', '467', 'N');
insert into section values('307', '2', 'Fall', 2008, 'a1', '467', 'P');
insert into section values('794', '1', 'Fall', 2004, 'a9', '867', 'C');
insert into section values('465', '4', 'Spring', 2006, 'a8', '902', 'F');
insert into section values('205', '4', 'Fall', 2009, 'a6', '715', 'M');
insert into section values('171', '2', 'Spring', 2004, 'a7', '692', 'J');
insert into section values('472', '4', 'Fall', 2004, 'a1', '506', 'L');
insert into section values('660', '2', 'Spring', 2004, 'a3', '617', 'M');
insert into section values('430', '7', 'Spring', 2006, 'a5', '922', 'B');
insert into section values('412', '5', 'Fall', 2001, 'a8', '902', 'M');
insert into section values('307', '3', 'Spring', 2003, 'a9', '867', 'I');
insert into section values('122', '3', 'Spring', 2010, 'a5', '922', 'F');
insert into section values('171', '3', 'Fall', 2001, 'a3', '873', 'P');
insert into section values('551', '4', 'Fall', 2004, 'a1', '506', 'E');
insert into section values('551', '5', 'Fall', 2003, 'a1', '467', 'J');
insert into section values('465', '5', 'Spring', 2008, 'a6', '715', 'A');
insert into section values('280', '4', 'Fall', 2009, 'a8', '902', 'M');
insert into section values('205', '5', 'Spring', 2008, 'a2', '505', 'P');
insert into section values('885', '2', 'Fall', 2005, 'a6', '715', 'J');
insert into section values('967', '4', 'Fall', 2001, 'a1', '506', 'G');
insert into section values('899', '8', 'Spring', 2006, 'a2', '505', 'I');
insert into section values('543', '6', 'Spring', 2005, 'a2', '505', 'D');
insert into section values('307', '4', 'Spring', 2004, 'a9', '867', 'D');
insert into section values('472', '5', 'Spring', 2007, 'a3', '873', 'C');
insert into section values('280', '5', 'Spring', 2009, 'a3', '873', 'B');
insert into section values('280', '6', 'Fall', 2007, 'a7', '692', 'O');
insert into section values('282', '4', 'Fall', 2006, 'a7', '692', 'E');
insert into section values('191', '6', 'Spring', 2004, 'a3', '873', 'M');
insert into section values('328', '3', 'Fall', 2010, 'a6', '715', 'D');
insert into section values('465', '6', 'Spring', 2002, 'a3', '873', 'N');
insert into section values('280', '7', 'Spring', 2001, 'a6', '715', 'K');
insert into section values('930', '2', 'Fall', 2002, 'a3', '617', 'J');
insert into section values('980', '3', 'Spring', 2006, 'a3', '873', 'N');
insert into section values('722', '4', 'Fall', 2002, 'a2', '505', 'A');
insert into section values('813', '4', 'Spring', 2005, 'a2', '505', 'I');
insert into section values('980', '4', 'Spring', 2006, 'a9', '867', 'M');
insert into section values('551', '6', 'Fall', 2001, 'a9', '867', 'J');
insert into section values('350', '4', 'Spring', 2005, 'a3', '617', 'J');
insert into section values('980', '5', 'Fall', 2010, 'a3', '617', 'P');
insert into section values('722', '5', 'Spring', 2006, 'a3', '617', 'A');
insert into section values('328', '4', 'Spring', 2002, 'a7', '692', 'F');
insert into section values('543', '7', 'Spring', 2007, 'a5', '922', 'A');
insert into section values('902', '8', 'Fall', 2002, 'a9', '867', 'B');
insert into section values('930', '3', 'Spring', 2010, 'a3', '617', 'G');
insert into section values('472', '6', 'Fall', 2009, 'a8', '902', 'M');
insert into section values('877', '4', 'Fall', 2007, 'a3', '617', 'I');
insert into section values('899', '9', 'Fall', 2008, 'a1', '506', 'I');
insert into section values('813', '5', 'Spring', 2008, 'a3', '873', 'O');
insert into section values('111', '2', 'Spring', 2002, 'a3', '873', 'H');
insert into section values('710', '5', 'Fall', 2005, 'a1', '467', 'O');
insert into section values('551', '7', 'Fall', 2002, 'a8', '902', 'L');
insert into section values('111', '3', 'Fall', 2001, 'a8', '902', 'J');
insert into section values('350', '5', 'Spring', 2010, 'a8', '902', 'L');
insert into section values('885', '3', 'Spring', 2009, 'a1', '506', 'H');
insert into section values('969', '2', 'Spring', 2005, 'a7', '692', 'I');
insert into section values('933', '3', 'Fall', 2006, 'a3', '873', 'B');
insert into section values('133', '4', 'Fall', 2005, 'a7', '692', 'B');
insert into section values('133', '5', 'Spring', 2002, 'a3', '617', 'G');
insert into section values('578', '2', 'Fall', 2003, 'a3', '873', 'K');
insert into section values('280', '8', 'Spring', 2001, 'a1', '506', 'F');
insert into teaches values('57700', '551', '7', 'Fall', 2002);
insert into teaches values('35602', '802', '1', 'Spring', 2009);
insert into teaches values('41077', '551', '5', 'Fall', 2003);
insert into teaches values('71891', '573', '2', 'Spring', 2003);
insert into teaches values('74690', '899', '9', 'Fall', 2008);
insert into teaches values('74690', '133', '4', 'Fall', 2005);
insert into teaches values('69146', '902', '6', 'Spring', 2006);
insert into teaches values('57700', '191', '5', 'Fall', 2002);
insert into teaches values('71891', '573', '3', 'Spring', 2001);
insert into teaches values('35602', '282', '4', 'Fall', 2006);
insert into teaches values('41077', '191', '3', 'Fall', 2006);
insert into teaches values('74690', '813', '1', 'Spring', 2001);
insert into teaches values('35602', '969', '2', 'Spring', 2005);
insert into teaches values('80129', '367', '2', 'Spring', 2007);
insert into teaches values('74690', '899', '7', 'Fall', 2001);
insert into teaches values('69146', '902', '1', 'Fall', 2003);
insert into teaches values('68487', '350', '5', 'Spring', 2010);
insert into teaches values('6109', '722', '2', 'Fall', 2001);
insert into teaches values('41077', '551', '2', 'Fall', 2005);
insert into teaches values('6109', '877', '2', 'Fall', 2002);
insert into teaches values('80129', '843', '3', 'Spring', 2009);
insert into teaches values('80129', '472', '4', 'Fall', 2004);
insert into teaches values('80129', '472', '1', 'Fall', 2001);
insert into teaches values('74690', '903', '2', 'Fall', 2008);
insert into teaches values('19345', '543', '2', 'Fall', 2009);
insert into teaches values('6071', '722', '1', 'Fall', 2010);
insert into teaches values('1087', '683', '1', 'Spring', 2009);
insert into teaches values('80129', '472', '5', 'Spring', 2007);
insert into teaches values('68487', '350', '4', 'Spring', 2005);
insert into teaches values('80129', '472', '2', 'Spring', 2010);
insert into teaches values('41077', '551', '3', 'Fall', 2008);
insert into teaches values('28689', '899', '8', 'Spring', 2006);
insert into teaches values('74690', '675', '1', 'Fall', 2002);
insert into teaches values('68487', '350', '3', 'Spring', 2002);
insert into teaches values('74690', '813', '3', 'Fall', 2002);
insert into teaches values('41077', '384', '3', 'Fall', 2001);
insert into teaches values('69146', '710', '4', 'Spring', 2002);
insert into teaches values('53442', '171', '3', 'Fall', 2001);
insert into teaches values('18666', '930', '2', 'Fall', 2002);
insert into teaches values('18666', '930', '3', 'Spring', 2010);
insert into teaches values('74690', '899', '6', 'Fall', 2007);
insert into teaches values('41077', '551', '6', 'Fall', 2001);
insert into teaches values('1087', '307', '4', 'Spring', 2004);
insert into teaches values('18666', '930', '1', 'Fall', 2007);
insert into teaches values('6109', '430', '4', 'Spring', 2005);
insert into teaches values('1087', '307', '3', 'Spring', 2003);
insert into teaches values('6109', '722', '3', 'Spring', 2007);
insert into teaches values('69105', '980', '2', 'Spring', 2001);
insert into teaches values('41077', '466', '2', 'Fall', 2003);
insert into teaches values('62919', '802', '2', 'Spring', 2001);
insert into teaches values('69105', '111', '2', 'Spring', 2002);
insert into teaches values('28689', '280', '1', 'Spring', 2004);
insert into teaches values('6109', '430', '2', 'Spring', 2007);
insert into teaches values('71891', '710', '5', 'Fall', 2005);
insert into teaches values('6109', '205', '5', 'Spring', 2008);
insert into teaches values('69146', '465', '1', 'Spring', 2010);
insert into teaches values('74690', '122', '1', 'Spring', 2004);
insert into teaches values('68487', '350', '1', 'Fall', 2002);
insert into teaches values('74690', '122', '2', 'Fall', 2006);
insert into teaches values('6109', '430', '6', 'Spring', 2001);
insert into teaches values('80129', '367', '1', 'Spring', 2007);
insert into teaches values('74690', '125', '2', 'Spring', 2010);
insert into teaches values('74690', '280', '8', 'Spring', 2001);
insert into teaches values('68487', '947', '2', 'Spring', 2006);
insert into teaches values('1087', '307', '1', 'Fall', 2001);
insert into teaches values('41077', '328', '3', 'Fall', 2010);
insert into teaches values('74690', '280', '7', 'Spring', 2001);
insert into teaches values('69105', '111', '3', 'Fall', 2001);
insert into teaches values('74690', '903', '3', 'Fall', 2010);
insert into teaches values('74690', '280', '4', 'Fall', 2009);
insert into teaches values('41077', '384', '1', 'Spring', 2005);
insert into teaches values('69146', '465', '4', 'Spring', 2006);
insert into teaches values('69146', '465', '6', 'Spring', 2002);
insert into teaches values('6109', '877', '1', 'Fall', 2010);
insert into teaches values('69146', '902', '8', 'Fall', 2002);
insert into teaches values('80129', '472', '6', 'Fall', 2009);
insert into teaches values('71891', '573', '1', 'Fall', 2003);
insert into teaches values('74690', '903', '4', 'Spring', 2003);
insert into teaches values('60129', '367', '6', 'Spring', 2007);
insert into teaches values('74690', '280', '5', 'Spring', 2009);
insert into teaches values('41077', '384', '4', 'Fall', 2009);
insert into teaches values('41077', '328', '4', 'Spring', 2002);
insert into teaches values('74690', '133', '3', 'Fall', 2006);
insert into teaches values('74690', '133', '5', 'Spring', 2002);
insert into teaches values('80129', '843', '2', 'Spring', 2009);
insert into teaches values('69146', '902', '5', 'Spring', 2006);
insert into teaches values('80129', '412', '5', 'Fall', 2001);
insert into teaches values('6109', '205', '1', 'Spring', 2009);
insert into teaches values('18666', '469', '2', 'Spring', 2009);
insert into teaches values('69105', '543', '3', 'Spring', 2009);
insert into teaches values('27684', '967', '1', 'Spring', 2010);
insert into teaches values('41077', '191', '1', 'Fall', 2002);
insert into teaches values('68487', '580', '1', 'Fall', 2005);
insert into teaches values('69146', '902', '3', 'Spring', 2006);
insert into teaches values('74690', '280', '6', 'Fall', 2007);
insert into teaches values('69146', '465', '5', 'Spring', 2008);
insert into teaches values('53442', '171', '1', 'Fall', 2005);
insert into teaches values('69146', '710', '3', 'Fall', 2007);
insert into teaches values('69146', '465', '3', 'Fall', 2002);
insert into teaches values('6109', '722', '4', 'Fall', 2002);
insert into student values('31552', 'e7', 'd9', 123);
insert into student values('99022', 'e10', 'd6', 27);
insert into student values('26973', 'e4', 'd5', 17);
insert into student values('34170', 'e8', 'd10', 54);
insert into student values('42762', 'e10', 'd7', 63);
insert into student values('75640', 'e8', 'd1', 112);
insert into student values('78317', 'e8', 'd4', 26);
insert into student values('34654', 'e4', 'd2', 81);
insert into student values('64287', 'e6', 'd3', 117);
insert into student values('81813', 'e10', 'd3', 126);
insert into student values('24586', 'e4', 'd5', 97);
insert into student values('98233', 'e9', 'd5', 122);
insert into student values('64585', 'e10', 'd4', 127);
insert into student values('48118', 'e6', 'd1', 111);
insert into student values('19082', 'e5', 'd4', 125);
insert into student values('5675', 'e10', 'd6', 112);
insert into student values('41615', 'e4', 'd2', 27);
insert into student values('50186', 'e9', 'd10', 91);
insert into student values('91432', 'e8', 'd7', 39);
insert into student values('56758', 'e1', 'd5', 125);
insert into student values('57754', 'e7', 'd8', 58);
insert into student values('54851', 'e2', 'd9', 70);
insert into student values('44602', 'e2', 'd3', 5);
insert into student values('65016', 'e3', 'd3', 108);
insert into student values('73234', 'e5', 'd2', 114);
insert into student values('57648', 'e6', 'd7', 59);
insert into student values('42363', 'e1', 'd4', 105);
insert into student values('21044', 'e7', 'd7', 66);
insert into student values('23361', 'e4', 'd6', 82);
insert into student values('29378', 'e7', 'd6', 54);
insert into student values('93666', 'e7', 'd3', 116);
insert into student values('32201', 'e5', 'd8', 35);
insert into student values('83342', 'e4', 'd9', 100);
insert into student values('76682', 'e6', 'd3', 26);
insert into student values('34632', 'e6', 'd10', 101);
insert into student values('8088', 'e8', 'd5', 124);
insert into student values('7810', 'e6', 'd3', 67);
insert into student values('10744', 'e8', 'd2', 109);
insert into student values('41989', 'e1', 'd8', 13);
insert into student values('55937', 'e4', 'd4', 128);
insert into student values('43270', 'e2', 'd6', 102);
insert into student values('19965', 'e5', 'd2', 110);
insert into student values('69521', 'e3', 'd2', 51);
insert into student values('870', 'e8', 'd6', 103);
insert into student values('44258', 'e9', 'd8', 83);
insert into student values('46057', 'e7', 'd8', 46);
insert into student values('30375', 'e6', 'd4', 100);
insert into student values('84165', 'e1', 'd4', 58);
insert into student values('53407', 'e1', 'd4', 110);
insert into student values('6893', 'e3', 'd1', 58);
insert into student values('96957', 'e2', 'd6', 120);
insert into student values('30913', 'e9', 'd7', 67);
insert into student values('61412', 'e7', 'd9', 29);
insert into student values('19960', 'e6', 'd1', 96);
insert into student values('62988', 'e1', 'd8', 89);
insert into student values('98361', 'e4', 'd1', 82);
insert into student values('34459', 'e4', 'd10', 119);
insert into student values('11581', 'e8', 'd9', 92);
insert into student values('63021', 'e2', 'd9', 24);
insert into student values('1679', 'e5', 'd6', 19);
insert into student values('21645', 'e9', 'd5', 125);
insert into student values('74859', 'e5', 'd4', 56);
insert into student values('23224', 'e3', 'd4', 68);
insert into student values('57697', 'e2', 'd1', 117);
insert into student values('64224', 'e4', 'd8', 0);
insert into student values('54290', 'e9', 'd9', 115);
insert into student values('9511', 'e5', 'd3', 19);
insert into student values('1522', 'e4', 'd3', 5);
insert into student values('64831', 'e4', 'd5', 87);
insert into student values('8996', 'e8', 'd4', 85);
insert into student values('25104', 'e4', 'd7', 87);
insert into student values('54625', 'e3', 'd1', 38);
insert into student values('62066', 'e9', 'd5', 33);
insert into student values('59857', 'e6', 'd4', 119);
insert into student values('98158', 'e7', 'd5', 74);
insert into student values('24783', 'e1', 'd10', 38);
insert into student values('95968', 'e5', 'd4', 65);
insert into student values('79752', 'e3', 'd3', 129);
insert into student values('98615', 'e3', 'd7', 26);
insert into student values('63964', 'e1', 'd4', 89);
insert into student values('66067', 'e10', 'd8', 102);
insert into student values('57659', 'e7', 'd1', 116);
insert into student values('23366', 'e2', 'd5', 122);
insert into student values('98793', 'e4', 'd4', 39);
insert into student values('25683', 'e3', 'd6', 5);
insert into student values('53979', 'e2', 'd5', 73);
insert into student values('10578', 'e1', 'd9', 56);
insert into student values('38007', 'e6', 'd1', 57);
insert into student values('56009', 'e2', 'd3', 114);
insert into student values('17783', 'e1', 'd8', 93);
insert into student values('80436', 'e7', 'd6', 35);
insert into student values('82534', 'e2', 'd10', 16);
insert into student values('74653', 'e10', 'd1', 14);
insert into student values('28961', 'e4', 'd1', 88);
insert into student values('70404', 'e7', 'd6', 73);
insert into student values('76886', 'e4', 'd3', 127);
insert into student values('74679', 'e6', 'd7', 90);
insert into student values('8584', 'e10', 'd5', 42);
insert into student values('40538', 'e1', 'd4', 32);
insert into student values('44168', 'e1', 'd5', 114);
insert into student values('11540', 'e4', 'd10', 51);
insert into student values('11350', 'e7', 'd6', 91);
insert into student values('91658', 'e10', 'd6', 19);
insert into student values('52079', 'e1', 'd1', 106);
insert into student values('16713', 'e9', 'd3', 127);
insert into student values('70913', 'e1', 'd3', 19);
insert into student values('86330', 'e5', 'd10', 80);
insert into student values('64690', 'e2', 'd8', 109);
insert into student values('64848', 'e4', 'd1', 114);
insert into student values('70769', 'e5', 'd2', 93);
insert into student values('31721', 'e10', 'd5', 35);
insert into student values('97528', 'e10', 'd8', 70);
insert into student values('82090', 'e2', 'd10', 95);
insert into student values('71051', 'e2', 'd10', 124);
insert into student values('97894', 'e3', 'd10', 92);
insert into student values('76632', 'e7', 'd6', 101);
insert into student values('58805', 'e5', 'd10', 94);
insert into student values('29590', 'e1', 'd4', 104);
insert into student values('63966', 'e3', 'd3', 47);
insert into student values('72200', 'e7', 'd4', 63);
insert into student values('63919', 'e7', 'd10', 88);
insert into student values('5657', 'e2', 'd3', 125);
insert into student values('70113', 'e6', 'd3', 50);
insert into student values('53119', 'e3', 'd5', 90);
insert into student values('81495', 'e5', 'd4', 21);
insert into student values('6907', 'e5', 'd8', 33);
insert into student values('31517', 'e7', 'd3', 3);
insert into student values('65108', 'e8', 'd3', 17);
insert into student values('15594', 'e8', 'd8', 21);
insert into student values('74273', 'e4', 'd1', 103);
insert into student values('35712', 'e8', 'd10', 53);
insert into student values('78718', 'e9', 'd7', 73);
insert into student values('62153', 'e3', 'd1', 64);
insert into student values('15762', 'e3', 'd8', 5);
insert into student values('11897', 'e5', 'd5', 107);
insert into student values('37553', 'e6', 'd5', 88);
insert into student values('19376', 'e8', 'd6', 128);
insert into student values('72886', 'e9', 'd6', 16);
insert into student values('39255', 'e9', 'd2', 114);
insert into student values('43846', 'e5', 'd5', 46);
insert into student values('38847', 'e5', 'd6', 38);
insert into student values('7089', 'e5', 'd2', 111);
insert into student values('59271', 'e4', 'd4', 23);
insert into student values('68018', 'e4', 'd8', 94);
insert into student values('52693', 'e5', 'd1', 95);
insert into student values('62572', 'e3', 'd4', 52);
insert into student values('84569', 'e8', 'd4', 53);
insert into student values('46732', 'e8', 'd5', 19);
insert into student values('33391', 'e1', 'd7', 45);
insert into student values('5739', 'e7', 'd7', 71);
insert into student values('56347', 'e9', 'd5', 128);
insert into student values('57643', 'e4', 'd4', 26);
insert into student values('63404', 'e2', 'd8', 49);
insert into student values('33847', 'e1', 'd5', 0);
insert into student values('88539', 'e1', 'd7', 62);
insert into student values('39429', 'e6', 'd10', 13);
insert into student values('85995', 'e6', 'd8', 99);
insert into student values('98677', 'e9', 'd6', 25);
insert into student values('92616', 'e3', 'd4', 91);
insert into student values('8528', 'e1', 'd1', 49);
insert into student values('93962', 'e8', 'd7', 21);
insert into student values('28683', 'e4', 'd4', 61);
insert into student values('42832', 'e6', 'd7', 29);
insert into student values('37700', 'e9', 'd1', 67);
insert into student values('97159', 'e3', 'd5', 116);
insert into student values('17153', 'e6', 'd2', 81);
insert into student values('56035', 'e3', 'd1', 30);
insert into student values('91541', 'e5', 'd2', 15);
insert into student values('14530', 'e4', 'd10', 71);
insert into student values('25533', 'e6', 'd8', 36);
insert into student values('63758', 'e6', 'd9', 71);
insert into student values('71196', 'e10', 'd1', 72);
insert into student values('98489', 'e5', 'd3', 49);
insert into student values('85509', 'e10', 'd7', 65);
insert into student values('32800', 'e10', 'd6', 11);
insert into student values('8975', 'e8', 'd3', 26);
insert into student values('8777', 'e8', 'd10', 79);
insert into student values('80127', 'e10', 'd1', 79);
insert into student values('50055', 'e9', 'd9', 85);
insert into student values('35876', 'e1', 'd1', 12);
insert into student values('92371', 'e5', 'd8', 7);
insert into student values('29363', 'e10', 'd10', 3);
insert into student values('85970', 'e5', 'd9', 67);
insert into student values('10225', 'e10', 'd5', 120);
insert into student values('81203', 'e7', 'd1', 44);
insert into student values('12935', 'e8', 'd2', 100);
insert into student values('12463', 'e2', 'd6', 91);
insert into student values('50221', 'e5', 'd3', 41);
insert into student values('24361', 'e8', 'd1', 112);
insert into student values('54209', 'e4', 'd8', 4);
insert into student values('27726', 'e9', 'd1', 126);
insert into student values('69614', 'e5', 'd6', 83);
insert into student values('19028', 'e8', 'd5', 80);
insert into student values('36040', 'e3', 'd9', 60);
insert into student values('78524', 'e8', 'd9', 21);
insert into student values('48300', 'e10', 'd10', 58);
insert into student values('24432', 'e9', 'd6', 94);
insert into student values('14210', 'e9', 'd1', 86);
insert into student values('52231', 'e9', 'd3', 30);
insert into student values('33596', 'e5', 'd10', 107);
insert into takes values('8975', '150', '1', 'Spring', 2005, 'B+');
insert into takes values('93666', '551', '6', 'Fall', 2001, 'B ');
insert into takes values('57643', '722', '3', 'Spring', 2007, 'A-');
insert into takes values('41989', '125', '4', 'Fall', 2003, 'C ');
insert into takes values('25683', '722', '3', 'Spring', 2007, 'B ');
insert into takes values('63021', '813', '2', 'Spring', 2003, 'A ');
insert into takes values('50055', '465', '3', 'Fall', 2002, 'C ');
insert into takes values('27726', '191', '5', 'Fall', 2002, 'C-');
insert into takes values('31552', '472', '1', 'Fall', 2001, 'A+');
insert into takes values('19960', '367', '1', 'Spring', 2007, 'A ');
insert into takes values('97528', '472', '5', 'Spring', 2007, 'B-');
insert into takes values('70769', '543', '1', 'Spring', 2001, 'A-');
insert into takes values('54290', '930', '1', 'Fall', 2007, 'B+');
insert into takes values('19082', '412', '5', 'Fall', 2001, 'C ');
insert into takes values('53119', '367', '3', 'Spring', 2003, 'C ');
insert into takes values('62572', '903', '1', 'Fall', 2004, 'B ');
insert into takes values('29378', '384', '2', 'Spring', 2006, 'B+');
insert into takes values('35712', '969', '2', 'Spring', 2005, 'A-');
insert into takes values('27726', '543', '7', 'Spring', 2007, 'A+');
insert into takes values('76886', '903', '4', 'Spring', 2003, 'C-');
insert into takes values('42832', '843', '3', 'Spring', 2009, 'B ');
insert into takes values('8777', '722', '4', 'Fall', 2002, 'C ');
insert into takes values('41989', '902', '2', 'Spring', 2002, 'A ');
insert into takes values('8528', '551', '7', 'Fall', 2002, 'C-');
insert into takes values('83342', '134', '1', 'Spring', 2010, 'C+');
insert into takes values('52079', '551', '2', 'Fall', 2005, 'B-');
insert into takes values('19965', '472', '1', 'Fall', 2001, 'C+');
insert into takes values('69614', '472', '5', 'Spring', 2007, 'B+');
insert into takes values('74653', '465', '2', 'Fall', 2003, 'B+');
insert into takes values('85970', '282', '1', 'Spring', 2004, 'C ');
insert into takes values('44602', '710', '2', 'Fall', 2003, 'B-');
insert into takes values('52231', '469', '2', 'Spring', 2009, 'B-');
insert into takes values('62988', '430', '1', 'Spring', 2006, 'A+');
insert into takes values('42363', '675', '4', 'Fall', 2001, 'C+');
insert into takes values('64831', '710', '4', 'Spring', 2002, 'B ');
insert into takes values('36040', '280', '7', 'Spring', 2001, 'B+');
insert into takes values('98233', '551', '5', 'Fall', 2003, 'A+');
insert into takes values('53119', '902', '7', 'Fall', 2002, 'B-');
insert into takes values('83342', '282', '4', 'Fall', 2006, 'C+');
insert into takes values('56009', '902', '4', 'Spring', 2010, 'A+');
insert into takes values('24586', '472', '4', 'Fall', 2004, 'C+');
insert into takes values('11897', '350', '1', 'Fall', 2002, 'A ');
insert into takes values('63758', '947', '2', 'Spring', 2006, 'A-');
insert into takes values('19965', '903', '1', 'Fall', 2004, 'A ');
insert into takes values('34632', '328', '3', 'Fall', 2010, 'B ');
insert into takes values('34170', '710', '4', 'Spring', 2002, 'C+');
insert into takes values('84165', '843', '3', 'Spring', 2009, 'A ');
insert into takes values('30913', '710', '3', 'Fall', 2007, 'A+');
insert into takes values('12935', '430', '3', 'Fall', 2010, 'B-');
insert into takes values('54625', '430', '3', 'Fall', 2010, 'C ');
insert into takes values('16713', '813', '5', 'Spring', 2008, 'B ');
insert into takes values('64848', '980', '4', 'Spring', 2006, 'A+');
insert into takes values('31517', '307', '1', 'Fall', 2001, 'A ');
insert into takes values('24586', '466', '1', 'Fall', 2001, 'C-');
insert into takes values('57648', '902', '8', 'Fall', 2002, 'C+');
insert into takes values('24586', '122', '2', 'Fall', 2006, 'B ');
insert into takes values('57643', '125', '1', 'Fall', 2009, 'A-');
insert into takes values('17783', '280', '1', 'Spring', 2004, 'C+');
insert into takes values('80127', '282', '2', 'Spring', 2005, 'A ');
insert into takes values('10744', '902', '6', 'Spring', 2006, 'A-');
insert into takes values('23366', '280', '7', 'Spring', 2001, 'C+');
insert into takes values('95968', '350', '5', 'Spring', 2010, 'B-');
insert into takes values('57643', '367', '6', 'Spring', 2007, 'B ');
insert into takes values('6893', '125', '2', 'Spring', 2010, 'A ');
insert into takes values('52079', '191', '1', 'Fall', 2002, 'B ');
insert into takes values('33847', '472', '3', 'Spring', 2007, 'C ');
insert into takes values('42363', '328', '1', 'Spring', 2007, 'B-');
insert into takes values('57697', '543', '2', 'Fall', 2009, 'C ');
insert into takes values('74653', '125', '1', 'Fall', 2009, 'A-');
insert into takes values('74859', '350', '2', 'Spring', 2010, 'A-');
insert into takes values('19376', '813', '3', 'Fall', 2002, 'B+');
insert into takes values('10744', '280', '7', 'Spring', 2001, 'B ');
insert into takes values('93666', '430', '4', 'Spring', 2005, 'C-');
insert into takes values('5657', '551', '6', 'Fall', 2001, 'C ');
insert into takes values('72200', '134', '1', 'Spring', 2010, 'B ');
insert into takes values('16713', '133', '2', 'Fall', 2009, 'A+');
insert into takes values('98677', '930', '2', 'Fall', 2002, 'B ');
insert into takes values('9511', '466', '5', 'Spring', 2001, 'B-');
insert into takes values('91658', '969', '1', 'Fall', 2002, 'C-');
insert into takes values('52693', '980', '3', 'Spring', 2006, 'B-');
insert into takes values('63404', '543', '5', 'Fall', 2001, 'C-');
insert into takes values('38007', '902', '4', 'Spring', 2010, 'A+');
insert into takes values('33391', '980', '1', 'Spring', 2007, 'A+');
insert into takes values('56758', '902', '8', 'Fall', 2002, 'B+');
insert into takes values('98489', '472', '5', 'Spring', 2007, 'A ');
insert into takes values('23224', '543', '5', 'Fall', 2001, 'C ');
insert into takes values('56035', '125', '4', 'Fall', 2003, 'A-');
insert into takes values('19028', '133', '4', 'Fall', 2005, 'C+');
insert into takes values('66067', '675', '2', 'Fall', 2004, 'C ');
insert into takes values('98615', '877', '1', 'Fall', 2010, 'B+');
insert into takes values('44258', '282', '1', 'Spring', 2004, 'B+');
insert into takes values('28961', '551', '4', 'Fall', 2004, 'C ');
insert into takes values('1679', '280', '3', 'Spring', 2003, 'C-');
insert into takes values('85509', '472', '4', 'Fall', 2004, 'C-');
insert into takes values('39429', '430', '7', 'Spring', 2006, 'A+');
insert into takes values('52693', '843', '4', 'Fall', 2008, 'A-');
insert into takes values('76632', '280', '3', 'Spring', 2003, 'A+');
insert into takes values('35712', '675', '1', 'Fall', 2002, 'B-');
insert into takes values('21044', '367', '4', 'Spring', 2002, 'B+');
insert into takes values('83342', '350', '5', 'Spring', 2010, 'B ');
insert into takes values('37553', '412', '5', 'Fall', 2001, 'B+');
insert into takes values('44168', '134', '3', 'Spring', 2003, 'C ');
insert into takes values('12463', '430', '6', 'Spring', 2001, 'A ');
insert into takes values('42762', '171', '2', 'Spring', 2004, 'A-');
insert into takes values('14210', '350', '5', 'Spring', 2010, 'C+');
insert into takes values('65108', '930', '1', 'Fall', 2007, 'C ');
insert into takes values('63964', '125', '2', 'Spring', 2010, 'C-');
insert into takes values('99022', '543', '7', 'Spring', 2007, 'C ');
insert into takes values('37700', '367', '5', 'Fall', 2001, 'B+');
insert into takes values('85995', '205', '3', 'Fall', 2002, 'C-');
insert into takes values('97528', '660', '1', 'Fall', 2010, 'B-');
insert into takes values('52693', '472', '3', 'Spring', 2007, 'C ');
insert into takes values('81813', '191', '2', 'Fall', 2008, 'C-');
insert into takes values('62572', '813', '3', 'Fall', 2002, 'A ');
insert into takes values('97894', '384', '4', 'Fall', 2009, 'C ');
insert into takes values('98677', '902', '8', 'Fall', 2002, 'A ');
insert into takes values('54209', '465', '3', 'Fall', 2002, 'A ');
insert into takes values('58805', '947', '3', 'Spring', 2003, 'C+');
insert into takes values('11897', '980', '1', 'Spring', 2007, 'B-');
insert into takes values('93962', '813', '5', 'Spring', 2008, 'B+');
insert into takes values('64831', '899', '3', 'Fall', 2001, 'A ');
insert into takes values('57754', '328', '3', 'Fall', 2010, 'A+');
insert into takes values('81813', '191', '6', 'Spring', 2004, 'C-');
insert into takes values('65108', '307', '2', 'Fall', 2008, 'B ');
insert into takes values('31517', '722', '5', 'Spring', 2006, 'B-');
insert into takes values('83342', '412', '4', 'Fall', 2005, 'B+');
insert into takes values('96957', '280', '6', 'Fall', 2007, 'B+');
insert into takes values('71051', '899', '8', 'Spring', 2006, 'C ');
insert into takes values('23366', '384', '3', 'Fall', 2001, 'B-');
insert into takes values('29363', '133', '1', 'Fall', 2009, 'B-');
insert into takes values('10225', '367', '5', 'Fall', 2001, 'A ');
insert into takes values('8088', '543', '2', 'Fall', 2009, 'B-');
insert into takes values('48118', '430', '5', 'Spring', 2005, 'C+');
insert into takes values('48300', '465', '5', 'Spring', 2008, 'C-');
insert into takes values('37553', '367', '6', 'Spring', 2007, 'A+');
insert into takes values('8996', '350', '4', 'Spring', 2005, 'C+');
insert into takes values('70404', '813', '3', 'Fall', 2002, 'C+');
insert into takes values('76886', '430', '5', 'Spring', 2005, 'A ');
insert into takes values('19965', '710', '4', 'Spring', 2002, 'C+');
insert into takes values('85509', '328', '1', 'Spring', 2007, 'A-');
insert into takes values('64831', '367', '6', 'Spring', 2007, 'B-');
insert into takes values('41615', '933', '2', 'Spring', 2006, 'A ');
insert into takes values('98793', '280', '5', 'Spring', 2009, 'C-');
insert into takes values('69521', '899', '6', 'Fall', 2007, 'B+');
insert into takes values('29363', '899', '2', 'Fall', 2005, 'A ');
insert into takes values('44602', '205', '5', 'Spring', 2008, 'B+');
insert into takes values('76632', '191', '2', 'Fall', 2008, 'B+');
insert into takes values('98158', '794', '1', 'Fall', 2004, 'B+');
insert into takes values('73234', '722', '1', 'Fall', 2010, 'B-');
insert into takes values('15762', '903', '2', 'Fall', 2008, 'B+');
insert into takes values('73234', '710', '1', 'Spring', 2005, 'C+');
insert into takes values('30913', '551', '3', 'Fall', 2008, 'C-');
insert into takes values('84569', '543', '2', 'Fall', 2009, 'B+');
insert into takes values('91658', '384', '5', 'Fall', 2007, 'A-');
insert into takes values('14530', '543', '6', 'Spring', 2005, 'C ');
insert into takes values('64831', '573', '2', 'Spring', 2003, 'C+');
insert into takes values('85995', '877', '2', 'Fall', 2002, 'A+');
insert into takes values('5739', '466', '3', 'Spring', 2007, 'B ');
insert into takes values('34170', '710', '5', 'Fall', 2005, 'A-');
insert into takes values('24432', '280', '4', 'Fall', 2009, 'B-');
insert into takes values('21044', '367', '3', 'Spring', 2003, 'C ');
insert into takes values('8088', '472', '6', 'Fall', 2009, 'B+');
insert into takes values('14210', '384', '3', 'Fall', 2001, 'B+');
insert into takes values('11581', '350', '5', 'Spring', 2010, 'C+');
insert into takes values('54209', '722', '2', 'Fall', 2001, 'B ');
insert into takes values('46057', '885', '1', 'Spring', 2007, 'B-');
insert into takes values('10225', '933', '1', 'Spring', 2006, 'B ');
insert into takes values('59857', '899', '9', 'Fall', 2008, 'A-');
insert into takes values('98158', '350', '5', 'Spring', 2010, 'C-');
insert into takes values('8584', '885', '3', 'Spring', 2009, 'A ');
insert into takes values('52231', '307', '2', 'Fall', 2008, 'C ');
insert into takes values('30913', '282', '2', 'Spring', 2005, 'C-');
insert into takes values('52079', '573', '2', 'Spring', 2003, 'A ');
insert into takes values('65016', '551', '3', 'Fall', 2008, 'A ');
insert into takes values('70913', '307', '1', 'Fall', 2001, 'B-');
insert into takes values('78317', '472', '6', 'Fall', 2009, 'A-');
insert into takes values('98233', '472', '5', 'Spring', 2007, 'A ');
insert into takes values('11350', '465', '5', 'Spring', 2008, 'A ');
insert into takes values('93666', '843', '5', 'Spring', 2010, 'B-');
insert into takes values('31552', '205', '1', 'Spring', 2009, 'B ');
insert into takes values('74859', '465', '5', 'Spring', 2008, 'A+');
insert into takes values('59857', '967', '1', 'Spring', 2010, 'C ');
insert into takes values('28961', '947', '2', 'Spring', 2006, 'B ');
insert into takes values('63404', '367', '4', 'Spring', 2002, 'C ');
insert into takes values('1522', '282', '2', 'Spring', 2005, 'C ');
insert into takes values('80436', '675', '3', 'Spring', 2007, 'B ');
insert into takes values('69521', '813', '5', 'Spring', 2008, 'C-');
insert into takes values('58805', '578', '2', 'Fall', 2003, 'B ');
insert into takes values('25683', '282', '2', 'Spring', 2005, 'A-');
insert into takes values('25104', '843', '2', 'Spring', 2009, 'C ');
insert into takes values('31517', '967', '4', 'Fall', 2001, 'A-');
insert into takes values('80436', '543', '6', 'Spring', 2005, 'B ');
insert into takes values('10578', '903', '2', 'Fall', 2008, 'B+');
insert into takes values('8088', '280', '1', 'Spring', 2004, 'A ');
insert into takes values('91658', '551', '6', 'Fall', 2001, 'A+');
insert into takes values('17783', '328', '1', 'Spring', 2007, 'C ');
insert into takes values('64224', '280', '7', 'Spring', 2001, 'C ');
insert into takes values('40538', '877', '1', 'Fall', 2010, 'A-');
insert into takes values('8584', '133', '2', 'Fall', 2009, 'A+');
insert into takes values('83342', '133', '1', 'Fall', 2009, 'B ');
insert into takes values('16713', '384', '1', 'Spring', 2005, 'C-');
insert into takes values('62988', '683', '1', 'Spring', 2009, 'A-');
insert into takes values('79752', '573', '3', 'Spring', 2001, 'C-');
insert into takes values('64831', '980', '1', 'Spring', 2007, 'A-');
insert into takes values('42762', '125', '1', 'Fall', 2009, 'A+');
insert into takes values('28683', '171', '3', 'Fall', 2001, 'B-');
insert into takes values('42363', '967', '4', 'Fall', 2001, 'B+');
insert into takes values('91658', '899', '2', 'Fall', 2005, 'A ');
insert into takes values('33391', '133', '2', 'Fall', 2009, 'C ');
insert into takes values('38007', '133', '2', 'Fall', 2009, 'C+');
insert into takes values('95968', '171', '2', 'Spring', 2004, 'A ');
insert into takes values('63021', '710', '4', 'Spring', 2002, 'C+');
insert into takes values('98677', '967', '3', 'Spring', 2004, 'C ');
insert into takes values('68018', '543', '6', 'Spring', 2005, 'B ');
insert into takes values('62153', '122', '3', 'Spring', 2010, 'B ');
insert into takes values('63404', '722', '3', 'Spring', 2007, 'B-');
insert into takes values('32201', '843', '5', 'Spring', 2010, 'C+');
insert into takes values('63404', '899', '9', 'Fall', 2008, 'A-');
insert into takes values('57643', '813', '1', 'Spring', 2001, 'A-');
insert into takes values('52231', '465', '2', 'Fall', 2003, 'C+');
insert into takes values('69614', '111', '3', 'Fall', 2001, 'A-');
insert into takes values('81203', '551', '5', 'Fall', 2003, 'B ');
insert into takes values('85995', '466', '3', 'Spring', 2007, 'A-');
insert into takes values('88539', '282', '4', 'Fall', 2006, 'C+');
insert into takes values('44258', '543', '3', 'Spring', 2009, 'B+');
insert into takes values('30375', '710', '5', 'Fall', 2005, 'C-');
insert into takes values('12935', '722', '4', 'Fall', 2002, 'B+');
insert into takes values('46732', '472', '4', 'Fall', 2004, 'B-');
insert into takes values('14210', '122', '1', 'Spring', 2004, 'A ');
insert into takes values('99022', '947', '1', 'Fall', 2008, 'C ');
insert into takes values('98677', '578', '2', 'Fall', 2003, 'B+');
insert into takes values('74679', '543', '4', 'Fall', 2001, 'A+');
insert into takes values('56009', '573', '2', 'Spring', 2003, 'A-');
insert into takes values('93666', '282', '4', 'Fall', 2006, 'A ');
insert into takes values('54625', '280', '7', 'Spring', 2001, 'C ');
insert into takes values('97528', '947', '2', 'Spring', 2006, 'C-');
insert into takes values('24361', '902', '5', 'Spring', 2006, 'B-');
insert into takes values('48118', '947', '3', 'Spring', 2003, 'C+');
insert into takes values('6907', '307', '2', 'Fall', 2008, 'A ');
insert into takes values('10225', '660', '2', 'Spring', 2004, 'C+');
insert into takes values('65108', '171', '2', 'Spring', 2004, 'A+');
insert into takes values('98233', '551', '4', 'Fall', 2004, 'A+');
insert into takes values('14210', '280', '3', 'Spring', 2003, 'C-');
insert into takes values('63966', '150', '1', 'Spring', 2005, 'B+');
insert into takes values('62066', '133', '3', 'Fall', 2006, 'B ');
insert into takes values('97528', '580', '1', 'Fall', 2005, 'A ');
insert into takes values('19082', '205', '4', 'Fall', 2009, 'A+');
insert into takes values('40538', '802', '3', 'Fall', 2008, 'C ');
insert into takes values('8996', '683', '1', 'Spring', 2009, 'B+');
insert into takes values('11581', '133', '1', 'Fall', 2009, 'C-');
insert into takes values('59271', '430', '2', 'Spring', 2007, 'B+');
insert into takes values('50055', '375', '1', 'Fall', 2003, 'A-');
insert into takes values('95968', '885', '3', 'Spring', 2009, 'C+');
insert into takes values('5739', '328', '3', 'Fall', 2010, 'C ');
insert into takes values('62153', '843', '1', 'Spring', 2007, 'C ');
insert into takes values('29363', '543', '4', 'Fall', 2001, 'B+');
insert into takes values('98677', '282', '4', 'Fall', 2006, 'C ');
insert into takes values('58805', '280', '5', 'Spring', 2009, 'A-');
insert into takes values('32201', '899', '1', 'Spring', 2001, 'C+');
insert into takes values('59857', '280', '2', 'Fall', 2004, 'A+');
insert into takes values('46057', '430', '6', 'Spring', 2001, 'C-');
insert into takes values('56758', '280', '6', 'Fall', 2007, 'B+');
insert into takes values('92371', '465', '2', 'Fall', 2003, 'B-');
insert into takes values('42762', '282', '1', 'Spring', 2004, 'C ');
insert into takes values('21645', '802', '2', 'Spring', 2001, 'C ');
insert into takes values('53407', '171', '1', 'Fall', 2005, 'B+');
insert into takes values('53119', '133', '1', 'Fall', 2009, 'A+');
insert into takes values('10744', '813', '4', 'Spring', 2005, 'C-');
insert into takes values('38007', '350', '3', 'Spring', 2002, 'C ');
insert into takes values('35876', '412', '1', 'Fall', 2006, 'A+');
insert into takes values('42832', '551', '3', 'Fall', 2008, 'A-');
insert into takes values('64690', '125', '2', 'Spring', 2010, 'A ');
insert into takes values('70769', '466', '3', 'Spring', 2007, 'C-');
insert into takes values('34632', '205', '2', 'Spring', 2001, 'A ');
insert into takes values('74679', '328', '4', 'Spring', 2002, 'B ');
insert into takes values('61412', '902', '4', 'Spring', 2010, 'B+');
insert into takes values('19960', '710', '1', 'Spring', 2005, 'A+');
insert into takes values('42832', '675', '4', 'Fall', 2001, 'A-');
insert into takes values('24586', '472', '6', 'Fall', 2009, 'A+');
insert into takes values('34654', '710', '3', 'Fall', 2007, 'C ');
insert into takes values('15762', '899', '6', 'Fall', 2007, 'A-');
insert into takes values('25683', '551', '4', 'Fall', 2004, 'C+');
insert into takes values('38007', '722', '4', 'Fall', 2002, 'C+');
insert into takes values('25533', '683', '1', 'Spring', 2009, 'C-');
insert into takes values('11540', '367', '6', 'Spring', 2007, 'B-');
insert into takes values('54209', '947', '3', 'Spring', 2003, 'C-');
insert into takes values('38007', '843', '2', 'Spring', 2009, 'B ');
insert into takes values('80436', '543', '5', 'Fall', 2001, 'A-');
insert into takes values('63404', '551', '5', 'Fall', 2003, 'A-');
insert into takes values('95968', '111', '2', 'Spring', 2002, 'A ');
insert into takes values('69614', '543', '2', 'Fall', 2009, 'C ');
insert into takes values('19376', '205', '1', 'Spring', 2009, 'B-');
insert into takes values('55937', '551', '3', 'Fall', 2008, 'B+');
insert into takes values('63964', '877', '2', 'Fall', 2002, 'A+');
insert into takes values('78317', '903', '2', 'Fall', 2008, 'C-');
insert into takes values('39255', '551', '6', 'Fall', 2001, 'A-');
insert into takes values('11581', '899', '3', 'Fall', 2001, 'B+');
insert into takes values('5739', '710', '5', 'Fall', 2005, 'A-');
insert into takes values('42832', '899', '1', 'Spring', 2001, 'C ');
insert into takes values('6907', '205', '3', 'Fall', 2002, 'C-');
insert into takes values('25683', '122', '1', 'Spring', 2004, 'B-');
insert into takes values('7810', '813', '3', 'Fall', 2002, 'A-');
insert into takes values('40538', '543', '3', 'Spring', 2009, 'B-');
insert into takes values('96957', '367', '5', 'Fall', 2001, 'A ');
insert into takes values('14210', '877', '4', 'Fall', 2007, 'C-');
insert into takes values('76632', '813', '2', 'Spring', 2003, 'B ');
insert into takes values('17153', '794', '1', 'Fall', 2004, 'B ');
insert into takes values('11350', '930', '1', 'Fall', 2007, 'C-');
insert into takes values('58805', '675', '1', 'Fall', 2002, 'C-');
insert into takes values('63404', '551', '2', 'Fall', 2005, 'B ');
insert into takes values('76682', '551', '5', 'Fall', 2003, 'B ');
insert into takes values('44602', '933', '3', 'Fall', 2006, 'B+');
insert into takes values('63919', '969', '1', 'Fall', 2002, 'B+');
insert into takes values('34632', '551', '4', 'Fall', 2004, 'A+');
insert into takes values('39429', '551', '4', 'Fall', 2004, 'C+');
insert into takes values('78718', '902', '1', 'Fall', 2003, 'A ');
insert into takes values('23224', '465', '4', 'Spring', 2006, 'C-');
insert into takes values('57643', '933', '3', 'Fall', 2006, 'A-');
insert into takes values('81495', '375', '1', 'Fall', 2003, 'C ');
insert into takes values('78524', '675', '2', 'Fall', 2004, 'B-');
insert into takes values('28961', '813', '1', 'Spring', 2001, 'C ');
insert into takes values('92616', '412', '3', 'Spring', 2002, 'B-');
insert into takes values('34632', '205', '1', 'Spring', 2009, 'A ');
insert into takes values('26973', '350', '4', 'Spring', 2005, 'B+');
insert into takes values('95968', '722', '4', 'Fall', 2002, 'B ');
insert into takes values('30375', '902', '2', 'Spring', 2002, 'B ');
insert into takes values('50055', '899', '3', 'Fall', 2001, 'A+');
insert into takes values('69521', '125', '4', 'Fall', 2003, 'A-');
insert into takes values('11581', '111', '3', 'Fall', 2001, 'C+');
insert into takes values('44258', '307', '3', 'Spring', 2003, 'A-');
insert into takes values('35876', '899', '9', 'Fall', 2008, 'C-');
insert into takes values('81203', '877', '1', 'Fall', 2010, 'C+');
insert into takes values('82534', '899', '1', 'Spring', 2001, 'A+');
insert into takes values('10225', '802', '3', 'Fall', 2008, 'A-');
insert into takes values('10744', '430', '6', 'Spring', 2001, 'B-');
insert into takes values('34170', '843', '2', 'Spring', 2009, 'B-');
insert into takes values('52693', '543', '5', 'Fall', 2001, 'B+');
insert into takes values('78317', '282', '3', 'Fall', 2009, 'B ');
insert into takes values('85509', '430', '1', 'Spring', 2006, 'B-');
insert into takes values('14530', '899', '5', 'Spring', 2004, 'B ');
insert into takes values('10225', '877', '2', 'Fall', 2002, 'B-');
insert into takes values('8584', '710', '1', 'Spring', 2005, 'C+');
insert into takes values('21044', '933', '3', 'Fall', 2006, 'C-');
insert into takes values('50221', '430', '2', 'Spring', 2007, 'A-');
insert into takes values('19965', '307', '1', 'Fall', 2001, 'B-');
insert into takes values('10578', '980', '4', 'Spring', 2006, 'B-');
insert into takes values('1522', '350', '3', 'Spring', 2002, 'B+');
insert into takes values('98677', '899', '4', 'Fall', 2007, 'B-');
insert into takes values('69614', '191', '4', 'Fall', 2003, 'B+');
insert into takes values('54851', '282', '2', 'Spring', 2005, 'B+');
insert into takes values('74679', '578', '2', 'Fall', 2003, 'B-');
insert into takes values('69521', '133', '3', 'Fall', 2006, 'B-');
insert into takes values('93962', '885', '2', 'Fall', 2005, 'B ');
insert into takes values('69614', '307', '4', 'Spring', 2004, 'C ');
insert into takes values('21645', '877', '1', 'Fall', 2010, 'C-');
insert into takes values('46057', '947', '1', 'Fall', 2008, 'B ');
insert into takes values('54209', '111', '1', 'Fall', 2006, 'C-');
insert into takes values('82090', '430', '4', 'Spring', 2005, 'C+');
insert into takes values('8088', '899', '6', 'Fall', 2007, 'A+');
insert into takes values('91658', '412', '2', 'Spring', 2002, 'A ');
insert into takes values('98158', '367', '5', 'Fall', 2001, 'C-');
insert into takes values('19965', '947', '2', 'Spring', 2006, 'B ');
insert into takes values('92616', '205', '2', 'Spring', 2001, 'A+');
insert into takes values('9511', '134', '1', 'Spring', 2010, 'A+');
insert into takes values('64287', '472', '1', 'Fall', 2001, 'C-');
insert into takes values('98615', '980', '2', 'Spring', 2001, 'C-');
insert into takes values('34459', '472', '2', 'Spring', 2010, 'B-');
insert into takes values('42832', '465', '1', 'Spring', 2010, 'A-');
insert into takes values('91432', '902', '7', 'Fall', 2002, 'C ');
insert into takes values('31552', '969', '2', 'Spring', 2005, 'C ');
insert into takes values('62153', '899', '8', 'Spring', 2006, 'A-');
insert into takes values('9511', '578', '2', 'Fall', 2003, 'B-');
insert into takes values('64690', '350', '4', 'Spring', 2005, 'A ');
insert into takes values('43846', '578', '2', 'Fall', 2003, 'C-');
insert into takes values('98233', '933', '3', 'Fall', 2006, 'C+');
insert into takes values('82534', '903', '3', 'Fall', 2010, 'C+');
insert into takes values('52231', '150', '1', 'Spring', 2005, 'C+');
insert into takes values('74273', '885', '1', 'Spring', 2007, 'A-');
insert into takes values('11581', '171', '1', 'Fall', 2005, 'C+');
insert into takes values('53407', '551', '3', 'Fall', 2008, 'A+');
insert into takes values('85995', '675', '4', 'Fall', 2001, 'C-');
insert into takes values('61412', '328', '3', 'Fall', 2010, 'A-');
insert into takes values('8777', '543', '7', 'Spring', 2007, 'C+');
insert into takes values('38847', '794', '1', 'Fall', 2004, 'B ');
insert into takes values('83342', '350', '4', 'Spring', 2005, 'B ');
insert into takes values('98361', '933', '2', 'Spring', 2006, 'A-');
insert into takes values('80436', '430', '7', 'Spring', 2006, 'A ');
insert into takes values('11581', '430', '3', 'Fall', 2010, 'A ');
insert into takes values('7089', '472', '2', 'Spring', 2010, 'C-');
insert into takes values('48118', '375', '1', 'Fall', 2003, 'A ');
insert into takes values('1522', '899', '9', 'Fall', 2008, 'C+');
insert into takes values('8584', '899', '9', 'Fall', 2008, 'C ');
insert into takes values('10744', '580', '1', 'Fall', 2005, 'A ');
insert into takes values('33596', '282', '3', 'Fall', 2009, 'C ');
insert into takes values('35876', '430', '4', 'Spring', 2005, 'B+');
insert into takes values('63404', '133', '3', 'Fall', 2006, 'B+');
insert into takes values('33391', '466', '4', 'Fall', 2003, 'C+');
insert into takes values('59857', '469', '2', 'Spring', 2009, 'A-');
insert into takes values('69614', '980', '4', 'Spring', 2006, 'B ');
insert into takes values('98677', '472', '1', 'Fall', 2001, 'B ');
insert into takes values('14210', '465', '2', 'Fall', 2003, 'C+');
insert into takes values('7810', '980', '2', 'Spring', 2001, 'B+');
insert into takes values('69614', '367', '1', 'Spring', 2007, 'A-');
insert into takes values('26973', '902', '3', 'Spring', 2006, 'A ');
insert into takes values('63919', '466', '1', 'Fall', 2001, 'B-');
insert into takes values('92371', '205', '2', 'Spring', 2001, 'A ');
insert into takes values('26973', '885', '2', 'Fall', 2005, 'A ');
insert into takes values('62066', '885', '3', 'Spring', 2009, 'A ');
insert into takes values('78524', '543', '7', 'Spring', 2007, 'A+');
insert into takes values('57643', '902', '2', 'Spring', 2002, 'B+');
insert into takes values('56347', '675', '1', 'Fall', 2002, 'C ');
insert into takes values('92371', '675', '4', 'Fall', 2001, 'B+');
insert into takes values('15762', '466', '3', 'Spring', 2007, 'B+');
insert into takes values('35876', '902', '6', 'Spring', 2006, 'A-');
insert into takes values('41615', '328', '3', 'Fall', 2010, 'B ');
insert into takes values('53979', '902', '6', 'Spring', 2006, 'A ');
insert into takes values('53979', '328', '3', 'Fall', 2010, 'A+');
insert into takes values('57659', '367', '3', 'Spring', 2003, 'B ');
insert into takes values('64224', '465', '1', 'Spring', 2010, 'C+');
insert into takes values('26973', '133', '4', 'Fall', 2005, 'A+');
insert into takes values('54290', '933', '2', 'Spring', 2006, 'B-');
insert into takes values('14210', '551', '4', 'Fall', 2004, 'B+');
insert into takes values('1522', '580', '1', 'Fall', 2005, 'B-');
insert into takes values('54290', '430', '6', 'Spring', 2001, 'B-');
insert into takes values('31552', '384', '2', 'Spring', 2006, 'A-');
insert into takes values('56347', '802', '3', 'Fall', 2008, 'A-');
insert into takes values('52079', '722', '5', 'Spring', 2006, 'C-');
insert into takes values('81203', '280', '2', 'Fall', 2004, 'B ');
insert into takes values('73234', '710', '2', 'Fall', 2003, 'C-');
insert into takes values('33391', '280', '5', 'Spring', 2009, 'B ');
insert into takes values('10744', '899', '4', 'Fall', 2007, 'A+');
insert into takes values('55937', '578', '2', 'Fall', 2003, 'A+');
insert into takes values('57648', '412', '5', 'Fall', 2001, 'C+');
insert into takes values('74653', '122', '2', 'Fall', 2006, 'B+');
insert into takes values('12935', '710', '5', 'Fall', 2005, 'A+');
insert into takes values('42762', '466', '1', 'Fall', 2001, 'C+');
insert into takes values('98361', '466', '1', 'Fall', 2001, 'A ');
insert into takes values('95968', '384', '3', 'Fall', 2001, 'A-');
insert into takes values('35876', '930', '2', 'Fall', 2002, 'A+');
insert into takes values('64848', '902', '2', 'Spring', 2002, 'B ');
insert into takes values('63758', '903', '1', 'Fall', 2004, 'A-');
insert into takes values('54851', '466', '1', 'Fall', 2001, 'B+');
insert into takes values('35712', '899', '2', 'Fall', 2005, 'B ');
insert into takes values('16713', '902', '2', 'Spring', 2002, 'A ');
insert into takes values('57659', '430', '4', 'Spring', 2005, 'A+');
insert into takes values('1522', '350', '2', 'Spring', 2010, 'C+');
insert into takes values('63021', '328', '1', 'Spring', 2007, 'A-');
insert into takes values('95968', '722', '3', 'Spring', 2007, 'C ');
insert into takes values('36040', '933', '3', 'Fall', 2006, 'C ');
insert into takes values('29378', '307', '2', 'Fall', 2008, 'A-');
insert into takes values('42762', '125', '2', 'Spring', 2010, 'B-');
insert into takes values('15594', '280', '8', 'Spring', 2001, 'A-');
insert into takes values('69521', '465', '4', 'Spring', 2006, 'A ');
insert into takes values('37700', '903', '2', 'Fall', 2008, 'B+');
insert into takes values('29363', '133', '3', 'Fall', 2006, 'C-');
insert into takes values('53119', '580', '1', 'Fall', 2005, 'C-');
insert into takes values('81813', '328', '4', 'Spring', 2002, 'A ');
insert into takes values('91432', '543', '5', 'Fall', 2001, 'C ');
insert into takes values('25683', '675', '3', 'Spring', 2007, 'A+');
insert into takes values('63021', '367', '3', 'Spring', 2003, 'C ');
insert into takes values('70404', '902', '8', 'Fall', 2002, 'B+');
insert into takes values('15594', '307', '2', 'Fall', 2008, 'B-');
insert into takes values('34459', '280', '8', 'Spring', 2001, 'B+');
insert into takes values('95968', '543', '6', 'Spring', 2005, 'B ');
insert into takes values('70404', '205', '2', 'Spring', 2001, 'A-');
insert into takes values('52231', '430', '2', 'Spring', 2007, 'A+');
insert into takes values('68018', '133', '1', 'Fall', 2009, 'A-');
insert into takes values('64224', '551', '7', 'Fall', 2002, 'A ');
insert into takes values('81813', '899', '8', 'Spring', 2006, 'B ');
insert into takes values('31552', '280', '8', 'Spring', 2001, 'B-');
insert into takes values('76886', '813', '2', 'Spring', 2003, 'B ');
insert into takes values('38847', '307', '4', 'Spring', 2004, 'A-');
insert into takes values('8996', '722', '2', 'Fall', 2001, 'A-');
insert into takes values('54209', '813', '1', 'Spring', 2001, 'A ');
insert into takes values('19028', '469', '2', 'Spring', 2009, 'A ');
insert into takes values('44602', '551', '1', 'Spring', 2003, 'C+');
insert into takes values('14530', '307', '4', 'Spring', 2004, 'B ');
insert into takes values('29378', '843', '5', 'Spring', 2010, 'B-');
insert into takes values('10578', '133', '2', 'Fall', 2009, 'B+');
insert into takes values('63966', '843', '4', 'Fall', 2008, 'A-');
insert into takes values('83342', '802', '1', 'Spring', 2009, 'C ');
insert into takes values('24361', '794', '1', 'Fall', 2004, 'C-');
insert into takes values('91432', '578', '2', 'Fall', 2003, 'A+');
insert into takes values('80436', '430', '5', 'Spring', 2005, 'B-');
insert into takes values('54851', '171', '3', 'Fall', 2001, 'A ');
insert into takes values('35876', '722', '1', 'Fall', 2010, 'B-');
insert into takes values('9511', '282', '3', 'Fall', 2009, 'A ');
insert into takes values('65108', '472', '5', 'Spring', 2007, 'A+');
insert into takes values('15762', '683', '1', 'Spring', 2009, 'C-');
insert into takes values('8528', '367', '3', 'Spring', 2003, 'B ');
insert into takes values('71196', '412', '3', 'Spring', 2002, 'B-');
insert into takes values('41989', '802', '3', 'Fall', 2008, 'B+');
insert into takes values('30375', '578', '1', 'Fall', 2003, 'A ');
insert into takes values('68018', '328', '3', 'Fall', 2010, 'B-');
insert into takes values('31721', '675', '2', 'Fall', 2004, 'C ');
insert into takes values('78718', '543', '1', 'Spring', 2001, 'C+');
insert into takes values('8975', '469', '1', 'Spring', 2001, 'C+');
insert into takes values('12463', '885', '1', 'Spring', 2007, 'C-');
insert into takes values('69614', '191', '6', 'Spring', 2004, 'C ');
insert into takes values('78317', '802', '3', 'Fall', 2008, 'A+');
insert into advisor values('31552', '35602');
insert into advisor values('99022', '19345');
insert into advisor values('26973', '34744');
insert into advisor values('34170', '55261');
insert into advisor values('42762', '69146');
insert into advisor values('75640', '26190');
insert into advisor values('78317', '62919');
insert into advisor values('34654', '30094');
insert into advisor values('64287', '55365');
insert into advisor values('81813', '35602');
insert into advisor values('24586', '3922');
insert into advisor values('98233', '55261');
insert into advisor values('64585', '69105');
insert into advisor values('48118', '95046');
insert into advisor values('19082', '46356');
insert into advisor values('5675', '70050');
insert into advisor values('41615', '94074');
insert into advisor values('50186', '63942');
insert into advisor values('91432', '97646');
insert into advisor values('56758', '88971');
insert into advisor values('57754', '80467');
insert into advisor values('54851', '85716');
insert into advisor values('44602', '85476');
insert into advisor values('65016', '61946');
insert into advisor values('73234', '41077');
insert into advisor values('57648', '74690');
insert into advisor values('42363', '80129');
insert into advisor values('21044', '7000');
insert into advisor values('23361', '16207');
insert into advisor values('29378', '70050');
insert into advisor values('93666', '14040');
insert into advisor values('32201', '61946');
insert into advisor values('83342', '13151');
insert into advisor values('76682', '60280');
insert into advisor values('34632', '16207');
insert into advisor values('8088', '6109');
insert into advisor values('7810', '97646');
insert into advisor values('10744', '7236');
insert into advisor values('41989', '59936');
insert into advisor values('55937', '2429');
insert into advisor values('43270', '65019');
insert into advisor values('19965', '41077');
insert into advisor values('69521', '68487');
insert into advisor values('870', '63942');
insert into advisor values('44258', '55848');
insert into advisor values('46057', '38420');
insert into advisor values('30375', '57700');
insert into advisor values('84165', '94074');
insert into advisor values('53407', '19338');
insert into advisor values('6893', '85716');
insert into advisor values('96957', '19338');
insert into advisor values('30913', '72671');
insert into advisor values('61412', '85476');
insert into advisor values('19960', '31137');
insert into advisor values('62988', '61946');
insert into advisor values('98361', '97646');
insert into advisor values('34459', '27684');
insert into advisor values('11581', '71023');
insert into advisor values('63021', '55848');
insert into advisor values('1679', '26190');
insert into advisor values('21645', '30094');
insert into advisor values('74859', '71027');
insert into advisor values('23224', '60280');
insert into advisor values('57697', '68077');
insert into advisor values('64224', '38420');
insert into advisor values('54290', '16625');
insert into advisor values('9511', '88971');
insert into advisor values('1522', '54490');
insert into advisor values('64831', '99289');
insert into advisor values('8996', '48818');
insert into advisor values('25104', '11167');
insert into advisor values('54625', '18666');
insert into advisor values('62066', '13151');
insert into advisor values('59857', '38420');
insert into advisor values('98158', '3922');
insert into advisor values('24783', '65019');
insert into advisor values('95968', '48908');
insert into advisor values('79752', '55257');
insert into advisor values('98615', '57138');
insert into advisor values('63964', '91777');
insert into advisor values('66067', '91777');
insert into advisor values('57659', '32024');
insert into advisor values('23366', '7000');
insert into advisor values('98793', '27684');
insert into advisor values('25683', '56789');
insert into advisor values('53979', '2429');
insert into advisor values('10578', '30094');
insert into advisor values('38007', '91777');
insert into advisor values('56009', '69341');
insert into advisor values('17783', '60280');
insert into advisor values('80436', '61424');
insert into advisor values('82534', '69341');
insert into advisor values('74653', '16207');
insert into advisor values('28961', '35602');
insert into advisor values('70404', '72928');
insert into advisor values('76886', '16625');
insert into advisor values('74679', '74690');
insert into advisor values('8584', '34744');
insert into advisor values('40538', '59936');
insert into advisor values('44168', '91777');
insert into advisor values('11540', '72671');
insert into advisor values('11350', '16625');
insert into advisor values('91658', '19345');
insert into advisor values('52079', '80467');
insert into advisor values('16713', '91727');
insert into advisor values('70913', '60280');
insert into advisor values('86330', '14040');
insert into advisor values('64690', '824');
insert into advisor values('64848', '43641');
insert into advisor values('70769', '74690');
insert into advisor values('31721', '72671');
insert into advisor values('97528', '43641');
insert into advisor values('82090', '55257');
insert into advisor values('71051', '55261');
insert into advisor values('97894', '74690');
insert into advisor values('76632', '80129');
insert into advisor values('58805', '97079');
insert into advisor values('29590', '26190');
insert into advisor values('63966', '55257');
insert into advisor values('72200', '69105');
insert into advisor values('63919', '42822');
insert into advisor values('5657', '55365');
insert into advisor values('70113', '70050');
insert into advisor values('53119', '18218');
insert into advisor values('81495', '32024');
insert into advisor values('6907', '71891');
insert into advisor values('31517', '69146');
insert into advisor values('65108', '70650');
insert into advisor values('15594', '88677');
insert into advisor values('74273', '61946');
insert into advisor values('35712', '32024');
insert into advisor values('78718', '62057');
insert into advisor values('62153', '18666');
insert into advisor values('15762', '71023');
insert into advisor values('11897', '99289');
insert into advisor values('37553', '59936');
insert into advisor values('19376', '61946');
insert into advisor values('72886', '83426');
insert into advisor values('39255', '72928');
insert into advisor values('43846', '94074');
insert into advisor values('38847', '18666');
insert into advisor values('7089', '55257');
insert into advisor values('59271', '62057');
insert into advisor values('68018', '83426');
insert into advisor values('52693', '55365');
insert into advisor values('62572', '28689');
insert into advisor values('84569', '70050');
insert into advisor values('46732', '97646');
insert into advisor values('33391', '94074');
insert into advisor values('5739', '97079');
insert into advisor values('56347', '19345');
insert into advisor values('57643', '91727');
insert into advisor values('63404', '62068');
insert into advisor values('33847', '16625');
insert into advisor values('88539', '11909');
insert into advisor values('39429', '62057');
insert into advisor values('85995', '55848');
insert into advisor values('98677', '80129');
insert into advisor values('92616', '2429');
insert into advisor values('8528', '6071');
insert into advisor values('93962', '80467');
insert into advisor values('28683', '13151');
insert into advisor values('42832', '74690');
insert into advisor values('37700', '43409');
insert into advisor values('97159', '71023');
insert into advisor values('17153', '35849');
insert into advisor values('56035', '65019');
insert into advisor values('91541', '57138');
insert into advisor values('14530', '60280');
insert into advisor values('25533', '57700');
insert into advisor values('63758', '59936');
insert into advisor values('71196', '71891');
insert into advisor values('98489', '57138');
insert into advisor values('85509', '35849');
insert into advisor values('32800', '48908');
insert into advisor values('8975', '6109');
insert into advisor values('8777', '1087');
insert into advisor values('80127', '34744');
insert into advisor values('50055', '31137');
insert into advisor values('35876', '21805');
insert into advisor values('92371', '824');
insert into advisor values('29363', '48818');
insert into advisor values('85970', '16207');
insert into advisor values('10225', '88677');
insert into advisor values('81203', '60129');
insert into advisor values('12935', '51265');
insert into advisor values('12463', '28689');
insert into advisor values('50221', '21805');
insert into advisor values('24361', '81368');
insert into advisor values('54209', '63942');
insert into advisor values('27726', '62068');
insert into advisor values('69614', '53442');
insert into advisor values('19028', '60129');
insert into advisor values('36040', '72526');
insert into advisor values('78524', '2429');
insert into advisor values('48300', '69341');
insert into advisor values('24432', '80467');
insert into advisor values('14210', '16625');
insert into advisor values('52231', '11167');
insert into advisor values('33596', '60280');
insert into prereq values('134', '191');
insert into prereq values('328', '375');
insert into prereq values('350', '324');
insert into prereq values('930', '980');
insert into prereq values('683', '307');
insert into prereq values('902', '802');
insert into prereq values('328', '722');
insert into prereq values('675', '412');
insert into prereq values('367', '469');
insert into prereq values('134', '903');
insert into prereq values('947', '191');
insert into prereq values('573', '551');
insert into prereq values('578', '573');
insert into prereq values('794', '710');
insert into prereq values('191', '902');
insert into prereq values('578', '150');
insert into prereq values('843', '465');
insert into prereq values('967', '967');
insert into prereq values('710', '469');
insert into prereq values('205', '573');
insert into prereq values('967', '466');
insert into prereq values('573', '280');
insert into prereq values('150', '406');
insert into prereq values('134', '683');
insert into prereq values('722', '660');
insert into prereq values('122', '675');
insert into prereq values('710', '472');
insert into prereq values('280', '980');
insert into prereq values('802', '969');
insert into prereq values('150', '947');
insert into prereq values('469', '947');
insert into prereq values('903', '573');
insert into prereq values('877', '980');
insert into prereq values('930', '573');
insert into prereq values('324', '683');
insert into prereq values('307', '660');
insert into prereq values('367', '122');
insert into prereq values('967', '205');
insert into prereq values('150', '903');
insert into prereq values('150', '877');
insert into prereq values('133', '324');
insert into prereq values('578', '412');
insert into prereq values('899', '328');
insert into prereq values('947', '980');
insert into prereq values('980', '367');
insert into prereq values('430', '551');
insert into prereq values('466', '933');
insert into prereq values('899', '282');
insert into prereq values('967', '282');
insert into prereq values('902', '430');
insert into prereq values('466', '282');
insert into prereq values('551', '122');
insert into prereq values('933', '710');
insert into prereq values('171', '543');
insert into prereq values('375', '430');
insert into prereq values('902', '710');
insert into prereq values('134', '551');
insert into prereq values('877', '133');
insert into prereq values('122', '472');
insert into prereq values('710', '412');
insert into prereq values('171', '430');
insert into prereq values('543', '205');
insert into prereq values('406', '947');
insert into prereq values('171', '111');
insert into prereq values('543', '307');
insert into prereq values('469', '578');
insert into prereq values('384', '328');
insert into prereq values('551', '205');
insert into prereq values('430', '843');
insert into prereq values('967', '324');
insert into prereq values('171', '406');
insert into prereq values('307', '902');
insert into prereq values('171', '813');
insert into prereq values('191', '328');
insert into prereq values('813', '722');
insert into prereq values('933', '430');
insert into prereq values('843', '543');
insert into prereq values('375', '122');
insert into prereq values('465', '980');
insert into prereq values('980', '877');
insert into prereq values('111', '930');
insert into prereq values('573', '465');
insert into prereq values('580', '282');
insert into prereq values('580', '722');
insert into prereq values('307', '573');
insert into prereq values('903', '150');
insert into prereq values('205', '902');
insert into prereq values('122', '375');
insert into prereq values('573', '307');
insert into prereq values('580', '903');
insert into prereq values('205', '877');
insert into prereq values('967', '903');
insert into prereq values('375', '722');
insert into prereq values('133', '465');
insert into prereq values('111', '150');
insert into prereq values('675', '328');
insert into prereq values('710', '350');
insert into prereq values('191', '375');
insert into prereq values('947', '350');
insert into prereq values('580', '843');
